date,plan,mrr,customers,churn_rate
2024-01-01,Starter,900.0,7,0.021
2024-01-01,Growth,4200.0,12,0.077
2024-01-01,Scale,11500.0,32,0.056
2024-01-01,Enterprise,38000.0,191,0.074
2024-01-31,Starter,928.59,3,0.026
2024-01-31,Growth,4320.63,26,0.02
2024-01-31,Scale,11670.01,40,0.012
2024-01-31,Enterprise,38504.91,133,0.01
2024-03-01,Starter,944.67,8,0.063
2024-03-01,Growth,4335.51,30,0.02
2024-03-01,Scale,12504.03,57,0.015
2024-03-01,Enterprise,40332.03,430,0.053
2024-03-31,Starter,1002.57,4,0.067
2024-03-31,Growth,4706.15,29,0.029
2024-03-31,Scale,12258.08,33,0.014
2024-03-31,Enterprise,42834.66,273,0.05
2024-04-30,Starter,1012.78,15,0.049
2024-04-30,Growth,4498.03,88,0.06
2024-04-30,Scale,12593.29,88,0.027
2024-04-30,Enterprise,43102.67,405,0.063
2024-05-30,Starter,1101.38,3,0.021
2024-05-30,Growth,4504.29,22,0.043
2024-05-30,Scale,12485.05,185,0.072
2024-05-30,Enterprise,43266.44,112,0.077
2024-06-29,Starter,1029.94,6,0.043
2024-06-29,Growth,5268.3,26,0.025
2024-06-29,Scale,13063.04,103,0.066
2024-06-29,Enterprise,42953.76,281,0.054
2024-07-29,Starter,1138.55,12,0.03
2024-07-29,Growth,5243.04,97,0.043
2024-07-29,Scale,14299.96,47,0.019
2024-07-29,Enterprise,45278.31,970,0.055
2024-08-28,Starter,1081.45,3,0.036
2024-08-28,Growth,4732.4,23,0.02
2024-08-28,Scale,14252.74,348,0.075
2024-08-28,Enterprise,49875.52,1109,0.013
2024-09-27,Starter,1181.32,10,0.046
2024-09-27,Growth,5877.33,21,0.066
2024-09-27,Scale,15954.05,44,0.066
2024-09-27,Enterprise,52742.0,174,0.03
2024-10-27,Starter,1131.06,7,0.044
2024-10-27,Growth,5481.71,70,0.075
2024-10-27,Scale,16598.28,56,0.05
2024-10-27,Enterprise,48242.59,195,0.048
2024-11-26,Starter,1095.26,2,0.065
2024-11-26,Growth,5078.68,13,0.045
2024-11-26,Scale,12917.22,42,0.072
2024-11-26,Enterprise,54086.88,1198,0.03
2024-12-26,Starter,1273.43,4,0.02
2024-12-26,Growth,5439.49,15,0.031
2024-12-26,Scale,13496.11,43,0.078
2024-12-26,Enterprise,46665.87,263,0.019
2025-01-25,Starter,1081.27,4,0.059
2025-01-25,Growth,6428.67,19,0.015
2025-01-25,Scale,17531.7,226,0.053
2025-01-25,Enterprise,52663.63,324,0.028
2025-02-24,Starter,1027.8,15,0.058
2025-02-24,Growth,5687.22,19,0.074
2025-02-24,Scale,14030.47,38,0.067
2025-02-24,Enterprise,61421.79,209,0.031
2025-03-26,Starter,1270.17,12,0.072
2025-03-26,Growth,6234.53,38,0.06
2025-03-26,Scale,17732.13,61,0.014
2025-03-26,Enterprise,53942.17,244,0.02
2025-04-25,Starter,1530.46,13,0.047
2025-04-25,Growth,6156.28,28,0.033
2025-04-25,Scale,16860.46,48,0.015
2025-04-25,Enterprise,55191.49,309,0.015
2025-05-25,Starter,1444.6,4,0.028
2025-05-25,Growth,6519.44,35,0.043
2025-05-25,Scale,20157.52,78,0.078
2025-05-25,Enterprise,66358.64,366,0.063
2025-06-24,Starter,1246.03,6,0.041
2025-06-24,Growth,5668.67,17,0.037
2025-06-24,Scale,19971.64,84,0.078
2025-06-24,Enterprise,65340.21,187,0.041
2025-07-24,Starter,1191.5,3,0.014
2025-07-24,Growth,6514.61,26,0.02
2025-07-24,Scale,14324.9,77,0.011
2025-07-24,Enterprise,55800.41,331,0.032
2025-08-23,Starter,1363.26,6,0.077
2025-08-23,Growth,6011.8,21,0.047
2025-08-23,Scale,17008.71,107,0.063
2025-08-23,Enterprise,69233.24,415,0.079
2025-09-22,Starter,1202.88,5,0.029
2025-09-22,Growth,5103.14,28,0.041
2025-09-22,Scale,18318.92,55,0.067
2025-09-22,Enterprise,69883.5,482,0.014
2025-10-22,Starter,1147.4,6,0.028
2025-10-22,Growth,5468.46,53,0.028
2025-10-22,Scale,16708.96,258,0.046
2025-10-22,Enterprise,64256.07,170,0.01
2025-11-21,Starter,1687.81,4,0.024
2025-11-21,Growth,6540.5,28,0.04
2025-11-21,Scale,18890.01,152,0.032
2025-11-21,Enterprise,61115.83,1109,0.014
2025-12-21,Starter,1131.03,8,0.024
2025-12-21,Growth,8319.33,56,0.076
2025-12-21,Scale,15746.51,135,0.055
2025-12-21,Enterprise,49059.56,871,0.059
2026-01-20,Starter,1700.92,7,0.062
2026-01-20,Growth,6070.77,15,0.064
2026-01-20,Scale,17172.14,264,0.029
2026-01-20,Enterprise,66731.35,266,0.04
2026-02-19,Starter,1188.23,4,0.052
2026-02-19,Growth,8609.52,23,0.073
2026-02-19,Scale,23674.5,267,0.029
2026-02-19,Enterprise,82115.33,342,0.018
2026-03-21,Starter,1451.37,5,0.047
2026-03-21,Growth,6520.03,17,0.042
2026-03-21,Scale,18451.42,58,0.063
2026-03-21,Enterprise,65932.85,166,0.078
2026-04-20,Starter,1164.49,7,0.055
2026-04-20,Growth,9299.95,37,0.057
2026-04-20,Scale,24730.82,98,0.054
2026-04-20,Enterprise,69066.39,762,0.079
2026-05-20,Starter,1162.0,3,0.028
2026-05-20,Growth,6045.25,17,0.07
2026-05-20,Scale,24189.7,62,0.035
2026-05-20,Enterprise,69479.31,177,0.02
2026-06-19,Starter,1661.95,6,0.071
2026-06-19,Growth,7526.72,21,0.021
2026-06-19,Scale,17695.34,72,0.041
2026-06-19,Enterprise,67747.47,474,0.041
2026-07-19,Starter,1533.05,8,0.076
2026-07-19,Growth,8492.79,132,0.073
2026-07-19,Scale,24271.08,61,0.058
2026-07-19,Enterprise,79532.99,706,0.045
2026-08-18,Starter,1948.65,22,0.052
2026-08-18,Growth,9244.67,40,0.038
2026-08-18,Scale,21804.22,57,0.017
2026-08-18,Enterprise,68047.31,531,0.064
2026-09-17,Starter,1371.96,3,0.012
2026-09-17,Growth,8704.34,29,0.036
2026-09-17,Scale,23566.15,167,0.042
2026-09-17,Enterprise,87348.07,601,0.046
2026-10-17,Starter,1311.66,3,0.023
2026-10-17,Growth,5640.43,30,0.069
2026-10-17,Scale,18333.61,47,0.074
2026-10-17,Enterprise,54829.35,748,0.067
2026-11-16,Starter,2232.96,6,0.016
2026-11-16,Growth,8452.84,90,0.065
2026-11-16,Scale,28011.51,83,0.068
2026-11-16,Enterprise,77513.54,409,0.048
2026-12-16,Starter,2172.0,5,0.075
2026-12-16,Growth,6958.62,33,0.02
2026-12-16,Scale,25113.03,303,0.054
2026-12-16,Enterprise,96966.81,1950,0.021
2027-01-15,Starter,1432.61,6,0.068
2027-01-15,Growth,6061.92,20,0.066
2027-01-15,Scale,30327.22,197,0.029
2027-01-15,Enterprise,91401.09,388,0.055
2027-02-14,Starter,1308.59,3,0.03
2027-02-14,Growth,8399.16,41,0.033
2027-02-14,Scale,19838.9,74,0.041
2027-02-14,Enterprise,77528.03,506,0.052
2027-03-16,Starter,1346.08,4,0.071
2027-03-16,Growth,8938.33,31,0.069
2027-03-16,Scale,27741.6,134,0.015
2027-03-16,Enterprise,83069.83,534,0.052
2027-04-15,Starter,1962.86,13,0.046
2027-04-15,Growth,9458.12,31,0.037
2027-04-15,Scale,22620.29,95,0.045
2027-04-15,Enterprise,82486.28,413,0.024
2027-05-15,Starter,1298.52,13,0.011
2027-05-15,Growth,8808.85,128,0.027
2027-05-15,Scale,22801.94,288,0.018
2027-05-15,Enterprise,88020.96,313,0.012
2027-06-14,Starter,2402.19,7,0.048
2027-06-14,Growth,10948.15,144,0.075
2027-06-14,Scale,27268.22,116,0.055
2027-06-14,Enterprise,101292.11,314,0.017
2027-07-14,Starter,2325.92,6,0.012
2027-07-14,Growth,11236.75,264,0.038
2027-07-14,Scale,28824.51,83,0.052
2027-07-14,Enterprise,104271.24,1831,0.051
2027-08-13,Starter,1600.15,4,0.051
2027-08-13,Growth,6979.25,29,0.073
2027-08-13,Scale,20525.33,56,0.046
2027-08-13,Enterprise,109125.86,553,0.031
2027-09-12,Starter,2583.76,6,0.027
2027-09-12,Growth,8181.55,42,0.033
2027-09-12,Scale,25931.08,137,0.046
2027-09-12,Enterprise,98766.9,815,0.078
2027-10-12,Starter,1804.22,6,0.011
2027-10-12,Growth,9424.0,75,0.017
2027-10-12,Scale,19952.52,60,0.073
2027-10-12,Enterprise,68818.49,440,0.034
2027-11-11,Starter,1386.23,4,0.032
2027-11-11,Growth,10845.31,209,0.019
2027-11-11,Scale,18675.95,87,0.052
2027-11-11,Enterprise,110692.15,921,0.029
2027-12-11,Starter,2575.12,19,0.032
2027-12-11,Growth,13143.97,56,0.017
2027-12-11,Scale,18495.08,293,0.072
2027-12-11,Enterprise,116950.17,426,0.059
2028-01-10,Starter,2502.55,6,0.078
2028-01-10,Growth,11971.99,34,0.024
2028-01-10,Scale,27701.41,138,0.033
2028-01-10,Enterprise,105500.89,315,0.064
2028-02-09,Starter,2297.74,7,0.051
2028-02-09,Growth,9518.64,26,0.053
2028-02-09,Scale,28071.75,79,0.02
2028-02-09,Enterprise,99480.84,668,0.064
2028-03-10,Starter,1787.95,9,0.03
2028-03-10,Growth,9430.87,44,0.067
2028-03-10,Scale,17872.84,56,0.026
2028-03-10,Enterprise,109755.01,364,0.04
2028-04-09,Starter,1856.39,38,0.04
2028-04-09,Growth,13551.26,51,0.044
2028-04-09,Scale,33352.95,150,0.025
2028-04-09,Enterprise,65991.78,264,0.045
2028-05-09,Starter,2133.29,5,0.052
2028-05-09,Growth,11905.42,127,0.041
2028-05-09,Scale,19823.41,109,0.049
2028-05-09,Enterprise,110516.83,373,0.02
2028-06-08,Starter,2797.6,17,0.036
2028-06-08,Growth,12066.04,80,0.021
2028-06-08,Scale,35568.47,292,0.031
2028-06-08,Enterprise,85518.23,215,0.036
2028-07-08,Starter,2347.86,8,0.028
2028-07-08,Growth,8510.54,43,0.037
2028-07-08,Scale,38783.33,105,0.031
2028-07-08,Enterprise,117032.97,339,0.06
2028-08-07,Starter,2089.8,6,0.034
2028-08-07,Growth,11756.18,69,0.03
2028-08-07,Scale,19795.74,74,0.029
2028-08-07,Enterprise,128687.26,343,0.018
2028-09-06,Starter,1527.27,37,0.011
2028-09-06,Growth,7947.73,79,0.046
2028-09-06,Scale,20212.59,83,0.015
2028-09-06,Enterprise,122895.33,858,0.08
2028-10-06,Starter,1838.42,5,0.069
2028-10-06,Growth,12328.35,68,0.072
2028-10-06,Scale,34633.67,262,0.049
2028-10-06,Enterprise,113574.76,342,0.03
2028-11-05,Starter,2798.75,32,0.067
2028-11-05,Growth,14131.82,60,0.03
2028-11-05,Scale,33410.3,263,0.024
2028-11-05,Enterprise,133729.64,402,0.04
2028-12-05,Starter,3051.68,18,0.075
2028-12-05,Growth,6980.81,23,0.051
2028-12-05,Scale,35475.99,330,0.049
2028-12-05,Enterprise,75850.89,431,0.042
2029-01-04,Starter,2601.48,14,0.039
2029-01-04,Growth,10667.19,156,0.02
2029-01-04,Scale,26210.92,144,0.027
2029-01-04,Enterprise,75288.19,197,0.012
2029-02-03,Starter,3007.58,8,0.019
2029-02-03,Growth,13174.22,110,0.053
2029-02-03,Scale,32210.96,487,0.079
2029-02-03,Enterprise,121359.83,311,0.049
2029-03-05,Starter,3235.39,14,0.053
2029-03-05,Growth,6995.52,33,0.042
2029-03-05,Scale,20574.97,219,0.031
2029-03-05,Enterprise,130166.21,1562,0.031
2029-04-04,Starter,2719.43,23,0.064
2029-04-04,Growth,10185.15,49,0.07
2029-04-04,Scale,42249.2,215,0.032
2029-04-04,Enterprise,136251.29,775,0.014
2029-05-04,Starter,2610.28,20,0.063
2029-05-04,Growth,10557.17,165,0.051
2029-05-04,Scale,38608.34,126,0.055
2029-05-04,Enterprise,139954.13,521,0.035
2029-06-03,Starter,3069.74,11,0.044
2029-06-03,Growth,11227.99,32,0.028
2029-06-03,Scale,21552.09,83,0.012
2029-06-03,Enterprise,144477.87,371,0.074
2029-07-03,Starter,2658.65,65,0.023
2029-07-03,Growth,14908.78,91,0.061
2029-07-03,Scale,45599.97,134,0.065
2029-07-03,Enterprise,87616.49,608,0.058
2029-08-02,Starter,3386.26,18,0.02
2029-08-02,Growth,12388.32,53,0.05
2029-08-02,Scale,27549.89,88,0.077
2029-08-02,Enterprise,69818.51,187,0.029
2029-09-01,Starter,3110.3,10,0.036
2029-09-01,Growth,11988.97,48,0.024
2029-09-01,Scale,29366.39,361,0.059
2029-09-01,Enterprise,118213.82,515,0.043
2029-10-01,Starter,3346.7,28,0.019
2029-10-01,Growth,14221.62,98,0.051
2029-10-01,Scale,27591.56,138,0.056
2029-10-01,Enterprise,104160.6,462,0.014
2029-10-31,Starter,2720.62,15,0.014
2029-10-31,Growth,8224.71,28,0.044
2029-10-31,Scale,26615.3,174,0.051
2029-10-31,Enterprise,95629.38,253,0.028
2029-11-30,Starter,2530.35,10,0.022
2029-11-30,Growth,8323.52,25,0.044
2029-11-30,Scale,35675.63,150,0.017
2029-11-30,Enterprise,124265.75,668,0.047
2029-12-30,Starter,2530.25,29,0.063
2029-12-30,Growth,16268.77,87,0.048
2029-12-30,Scale,44513.2,486,0.04
2029-12-30,Enterprise,121876.08,1095,0.075
2030-01-29,Starter,3247.78,18,0.028
2030-01-29,Growth,14995.8,135,0.038
2030-01-29,Scale,21582.46,195,0.023
2030-01-29,Enterprise,115546.77,325,0.078
2030-02-28,Starter,3208.39,19,0.059
2030-02-28,Growth,14794.96,40,0.02
2030-02-28,Scale,28828.26,387,0.03
2030-02-28,Enterprise,81801.9,441,0.044
2030-03-30,Starter,1830.81,27,0.032
2030-03-30,Growth,13970.34,153,0.017
2030-03-30,Scale,46544.84,241,0.027
2030-03-30,Enterprise,152677.16,672,0.019
2030-04-29,Starter,3661.66,26,0.012
2030-04-29,Growth,11050.6,31,0.051
2030-04-29,Scale,26063.48,252,0.036
2030-04-29,Enterprise,81580.82,1634,0.077
2030-05-29,Starter,3418.12,10,0.07
2030-05-29,Growth,8781.65,76,0.047
2030-05-29,Scale,27033.94,109,0.023
2030-05-29,Enterprise,134214.35,785,0.046
2030-06-28,Starter,3988.41,48,0.025
2030-06-28,Growth,10342.94,40,0.033
2030-06-28,Scale,47928.26,168,0.033
2030-06-28,Enterprise,90775.89,849,0.038
2030-07-28,Starter,3566.74,24,0.041
2030-07-28,Growth,16886.28,164,0.051
2030-07-28,Scale,34547.56,315,0.022
2030-07-28,Enterprise,74199.73,223,0.077
2030-08-27,Starter,2260.54,7,0.055
2030-08-27,Growth,13240.6,36,0.067
2030-08-27,Scale,29837.02,121,0.055
2030-08-27,Enterprise,107619.16,407,0.068
2030-09-26,Starter,2558.09,7,0.016
2030-09-26,Growth,15941.47,39,0.079
2030-09-26,Scale,34273.4,102,0.049
2030-09-26,Enterprise,76394.57,354,0.073
2030-10-26,Starter,4158.07,24,0.027
2030-10-26,Growth,15489.53,250,0.074
2030-10-26,Scale,34958.86,448,0.043
2030-10-26,Enterprise,179115.23,1506,0.038
2030-11-25,Starter,3194.93,18,0.03
2030-11-25,Growth,13180.03,33,0.029
2030-11-25,Scale,47013.96,239,0.032
2030-11-25,Enterprise,95987.1,834,0.051
2030-12-25,Starter,3510.87,9,0.019
2030-12-25,Growth,15689.21,49,0.049
2030-12-25,Scale,32875.91,253,0.03
2030-12-25,Enterprise,169493.43,575,0.079
2031-01-24,Starter,3011.85,11,0.031
2031-01-24,Growth,12094.54,174,0.055
2031-01-24,Scale,51276.98,176,0.039
2031-01-24,Enterprise,93157.47,351,0.075
2031-02-23,Starter,2570.87,22,0.056
2031-02-23,Growth,13108.03,82,0.062
2031-02-23,Scale,30131.6,121,0.039
2031-02-23,Enterprise,82777.73,273,0.02
2031-03-25,Starter,3259.58,12,0.027
2031-03-25,Growth,15766.5,43,0.048
2031-03-25,Scale,44900.61,236,0.035
2031-03-25,Enterprise,97727.58,256,0.016
2031-04-24,Starter,2804.6,8,0.056
2031-04-24,Growth,17025.95,237,0.027
2031-04-24,Scale,39542.46,343,0.019
2031-04-24,Enterprise,78795.63,272,0.064
2031-05-24,Starter,3902.21,10,0.029
2031-05-24,Growth,16097.19,48,0.077
2031-05-24,Scale,54591.46,1164,0.073
2031-05-24,Enterprise,118475.72,852,0.025
2031-06-23,Starter,2096.85,24,0.03
2031-06-23,Growth,18506.28,73,0.031
2031-06-23,Scale,50287.61,274,0.033
2031-06-23,Enterprise,106222.85,1155,0.05
2031-07-23,Starter,4137.25,41,0.069
2031-07-23,Growth,12074.38,38,0.024
2031-07-23,Scale,52294.43,204,0.042
2031-07-23,Enterprise,164491.55,656,0.066
2031-08-22,Starter,3584.37,24,0.025
2031-08-22,Growth,19325.23,143,0.069
2031-08-22,Scale,25186.75,89,0.023
2031-08-22,Enterprise,124499.6,338,0.06
2031-09-21,Starter,3425.35,47,0.039
2031-09-21,Growth,21821.94,443,0.058
2031-09-21,Scale,43145.88,363,0.025
2031-09-21,Enterprise,87589.41,1126,0.037
2031-10-21,Starter,2263.15,7,0.05
2031-10-21,Growth,9776.26,30,0.027
2031-10-21,Scale,45429.9,149,0.012
2031-10-21,Enterprise,169412.2,1538,0.026
2031-11-20,Starter,4703.52,40,0.074
2031-11-20,Growth,14148.63,66,0.066
2031-11-20,Scale,59518.38,429,0.066
2031-11-20,Enterprise,110415.13,327,0.048
2031-12-20,Starter,3885.44,54,0.014
2031-12-20,Growth,9288.65,47,0.052
2031-12-20,Scale,24126.79,60,0.074
2031-12-20,Enterprise,86618.09,470,0.078
2032-01-19,Starter,3567.34,12,0.056
2032-01-19,Growth,9512.25,194,0.069
2032-01-19,Scale,48652.12,130,0.073
2032-01-19,Enterprise,80277.97,348,0.068
2032-02-18,Starter,3092.13,16,0.018
2032-02-18,Growth,21688.24,54,0.062
2032-02-18,Scale,25768.11,97,0.013
2032-02-18,Enterprise,114064.75,1359,0.069
2032-03-19,Starter,2431.8,11,0.062
2032-03-19,Growth,13238.16,55,0.072
2032-03-19,Scale,63105.63,546,0.024
2032-03-19,Enterprise,132587.12,456,0.05
2032-04-18,Starter,3944.74,18,0.076
2032-04-18,Growth,17226.65,151,0.048
2032-04-18,Scale,25503.77,162,0.044
2032-04-18,Enterprise,191260.72,534,0.065
2032-05-18,Starter,2190.73,6,0.065
2032-05-18,Growth,9949.83,34,0.075
2032-05-18,Scale,56768.38,142,0.031
2032-05-18,Enterprise,139696.8,396,0.021
2032-06-17,Starter,4853.64,20,0.056
2032-06-17,Growth,12906.72,155,0.069
2032-06-17,Scale,42389.6,158,0.032
2032-06-17,Enterprise,201614.45,535,0.015
2032-07-17,Starter,4880.83,41,0.041
2032-07-17,Growth,21549.55,124,0.037
2032-07-17,Scale,59467.4,553,0.015
2032-07-17,Enterprise,154164.18,398,0.013
2032-08-16,Starter,3952.38,26,0.078
2032-08-16,Growth,18760.39,106,0.065
2032-08-16,Scale,65784.92,651,0.055
2032-08-16,Enterprise,94514.22,664,0.013
2032-09-15,Starter,4224.64,60,0.033
2032-09-15,Growth,13817.37,73,0.056
2032-09-15,Scale,64896.36,607,0.015
2032-09-15,Enterprise,155518.36,466,0.034
2032-10-15,Starter,5227.91,50,0.056
2032-10-15,Growth,20327.07,56,0.01
2032-10-15,Scale,51066.58,359,0.06
2032-10-15,Enterprise,87910.8,298,0.051
2032-11-14,Starter,3903.71,14,0.046
2032-11-14,Growth,23260.98,137,0.037
2032-11-14,Scale,36192.73,147,0.076
2032-11-14,Enterprise,110770.9,1815,0.036
2032-12-14,Starter,3909.67,14,0.061
2032-12-14,Growth,15710.93,95,0.056
2032-12-14,Scale,41666.94,242,0.064
2032-12-14,Enterprise,122366.45,1323,0.079
2033-01-13,Starter,3443.2,11,0.042
2033-01-13,Growth,15121.71,171,0.056
2033-01-13,Scale,42085.52,853,0.037
2033-01-13,Enterprise,80969.66,1682,0.013
2033-02-12,Starter,2927.18,7,0.074
2033-02-12,Growth,10676.97,88,0.079
2033-02-12,Scale,41156.36,150,0.077
2033-02-12,Enterprise,207310.97,1548,0.065
2033-03-14,Starter,3714.16,11,0.017
2033-03-14,Growth,8988.76,23,0.079
2033-03-14,Scale,42946.2,182,0.014
2033-03-14,Enterprise,121068.68,310,0.063
2033-04-13,Starter,3646.42,15,0.011
2033-04-13,Growth,15717.37,143,0.06
2033-04-13,Scale,30030.89,85,0.056
2033-04-13,Enterprise,101981.65,1115,0.02
2033-05-13,Starter,2554.39,26,0.011
2033-05-13,Growth,13642.0,86,0.021
2033-05-13,Scale,33447.67,83,0.051
2033-05-13,Enterprise,126375.44,3123,0.016
2033-06-12,Starter,4565.99,19,0.042
2033-06-12,Growth,22596.83,185,0.072
2033-06-12,Scale,29436.13,360,0.027
2033-06-12,Enterprise,183719.77,544,0.076
2033-07-12,Starter,3092.89,19,0.065
2033-07-12,Growth,16625.97,179,0.064
2033-07-12,Scale,49614.3,568,0.068
2033-07-12,Enterprise,204199.67,1035,0.018
2033-08-11,Starter,4533.62,16,0.077
2033-08-11,Growth,18685.67,341,0.063
2033-08-11,Scale,49640.46,982,0.075
2033-08-11,Enterprise,85135.5,1285,0.073
2033-09-10,Starter,2342.35,16,0.071
2033-09-10,Growth,25517.13,200,0.015
2033-09-10,Scale,40881.86,130,0.065
2033-09-10,Enterprise,162963.93,444,0.075
2033-10-10,Starter,2955.49,14,0.039
2033-10-10,Growth,17142.14,56,0.054
2033-10-10,Scale,51557.49,500,0.055
2033-10-10,Enterprise,189915.3,508,0.026
2033-11-09,Starter,3437.29,11,0.045
2033-11-09,Growth,25340.5,93,0.078
2033-11-09,Scale,57839.16,474,0.049
2033-11-09,Enterprise,206988.18,738,0.017
2033-12-09,Starter,5129.32,19,0.073
2033-12-09,Growth,17190.68,45,0.073
2033-12-09,Scale,65449.4,353,0.05
2033-12-09,Enterprise,135306.45,848,0.033
2034-01-08,Starter,3321.84,15,0.036
2034-01-08,Growth,19585.21,67,0.011
2034-01-08,Scale,62828.22,586,0.073
2034-01-08,Enterprise,84467.53,442,0.078
2034-02-07,Starter,4201.67,72,0.031
2034-02-07,Growth,25527.94,112,0.066
2034-02-07,Scale,46891.18,266,0.061
2034-02-07,Enterprise,148295.91,775,0.027
2034-03-09,Starter,3782.87,27,0.041
2034-03-09,Growth,10196.02,55,0.02
2034-03-09,Scale,46441.43,124,0.039
2034-03-09,Enterprise,177498.09,1202,0.073
2034-04-08,Starter,2255.68,13,0.054
2034-04-08,Growth,18858.52,171,0.061
2034-04-08,Scale,56865.75,581,0.053
2034-04-08,Enterprise,151629.21,1107,0.042
2034-05-08,Starter,5357.5,15,0.023
2034-05-08,Growth,24359.75,73,0.047
2034-05-08,Scale,60238.45,476,0.02
2034-05-08,Enterprise,127864.19,1097,0.046
2034-06-07,Starter,5110.55,36,0.042
2034-06-07,Growth,11886.65,148,0.033
2034-06-07,Scale,38710.6,109,0.052
2034-06-07,Enterprise,141599.67,875,0.042
2034-07-07,Starter,5462.45,21,0.012
2034-07-07,Growth,12852.19,58,0.067
2034-07-07,Scale,26990.03,192,0.036
2034-07-07,Enterprise,97098.54,243,0.025
2034-08-06,Starter,4731.37,17,0.034
2034-08-06,Growth,20991.7,124,0.075
2034-08-06,Scale,70382.08,451,0.048
2034-08-06,Enterprise,226065.5,986,0.026
2034-09-05,Starter,3214.69,8,0.02
2034-09-05,Growth,17974.44,169,0.072
2034-09-05,Scale,58746.91,808,0.021
2034-09-05,Enterprise,171320.98,447,0.052
2034-10-05,Starter,5500.78,111,0.016
2034-10-05,Growth,18637.45,49,0.022
2034-10-05,Scale,32851.36,114,0.051
2034-10-05,Enterprise,244560.36,1376,0.025
2034-11-04,Starter,5657.38,16,0.038
2034-11-04,Growth,28880.27,86,0.063
2034-11-04,Scale,78278.61,936,0.026
2034-11-04,Enterprise,115703.86,2056,0.047
2034-12-04,Starter,6025.16,35,0.023
2034-12-04,Growth,10667.42,143,0.051
2034-12-04,Scale,32482.45,257,0.027
2034-12-04,Enterprise,154638.81,1275,0.052
2035-01-03,Starter,2463.74,39,0.014
2035-01-03,Growth,10255.03,34,0.055
2035-01-03,Scale,50117.52,285,0.023
2035-01-03,Enterprise,149606.05,502,0.057
2035-02-02,Starter,5091.81,80,0.062
2035-02-02,Growth,16893.09,66,0.01
2035-02-02,Scale,51449.55,128,0.067
2035-02-02,Enterprise,114908.59,2860,0.066
2035-03-04,Starter,3598.25,10,0.025
2035-03-04,Growth,24764.05,354,0.037
2035-03-04,Scale,61490.7,296,0.065
2035-03-04,Enterprise,228664.49,1604,0.036
2035-04-03,Starter,4036.53,28,0.027
2035-04-03,Growth,10212.76,33,0.053
2035-04-03,Scale,79363.61,475,0.057
2035-04-03,Enterprise,217479.38,2803,0.016
2035-05-03,Starter,4104.06,18,0.078
2035-05-03,Growth,24429.46,150,0.034
2035-05-03,Scale,63964.9,234,0.063
2035-05-03,Enterprise,102718.18,2073,0.05
2035-06-02,Starter,4575.7,13,0.055
2035-06-02,Growth,19780.25,330,0.056
2035-06-02,Scale,72083.75,272,0.021
2035-06-02,Enterprise,136280.73,481,0.037
2035-07-02,Starter,4920.94,17,0.041
2035-07-02,Growth,18031.74,53,0.054
2035-07-02,Scale,39123.45,304,0.021
2035-07-02,Enterprise,218552.49,2592,0.035
2035-08-01,Starter,2858.82,8,0.036
2035-08-01,Growth,23299.37,77,0.055
2035-08-01,Scale,48579.16,406,0.045
2035-08-01,Enterprise,107168.7,311,0.052
2035-08-31,Starter,3039.34,55,0.076
2035-08-31,Growth,15274.82,45,0.064
2035-08-31,Scale,41870.59,134,0.05
2035-08-31,Enterprise,223574.74,630,0.059
2035-09-30,Starter,2516.5,27,0.041
2035-09-30,Growth,22806.79,85,0.07
2035-09-30,Scale,49816.24,432,0.078
2035-09-30,Enterprise,235926.93,1013,0.028
2035-10-30,Starter,4422.67,18,0.066
2035-10-30,Growth,20767.06,127,0.015
2035-10-30,Scale,85175.62,235,0.074
2035-10-30,Enterprise,119429.58,1615,0.065
2035-11-29,Starter,5252.89,103,0.037
2035-11-29,Growth,17816.31,60,0.038
2035-11-29,Scale,38913.06,194,0.066
2035-11-29,Enterprise,135590.44,377,0.014
2035-12-29,Starter,2878.56,27,0.03
2035-12-29,Growth,30572.11,256,0.067
2035-12-29,Scale,42917.03,112,0.036
2035-12-29,Enterprise,169647.47,452,0.037
2036-01-28,Starter,4395.92,23,0.047
2036-01-28,Growth,21422.88,85,0.021
2036-01-28,Scale,44893.92,136,0.03
2036-01-28,Enterprise,165731.07,1989,0.031
2036-02-27,Starter,5147.96,33,0.077
2036-02-27,Growth,23003.9,59,0.039
2036-02-27,Scale,51339.93,137,0.07
2036-02-27,Enterprise,122387.04,434,0.071
2036-03-28,Starter,5835.83,18,0.071
2036-03-28,Growth,26030.2,248,0.076
2036-03-28,Scale,72996.36,249,0.053
2036-03-28,Enterprise,210412.08,1789,0.058
2036-04-27,Starter,3522.4,39,0.019
2036-04-27,Growth,12930.95,65,0.065
2036-04-27,Scale,51164.1,1230,0.02
2036-04-27,Enterprise,134078.78,370,0.042
2036-05-27,Starter,6939.23,24,0.07
2036-05-27,Growth,25372.49,86,0.03
2036-05-27,Scale,49826.49,229,0.05
2036-05-27,Enterprise,267686.02,2997,0.018
2036-06-26,Starter,4756.57,16,0.014
2036-06-26,Growth,11125.34,90,0.053
2036-06-26,Scale,37175.33,255,0.049
2036-06-26,Enterprise,265751.48,699,0.076
2036-07-26,Starter,6008.12,54,0.055
2036-07-26,Growth,30436.77,105,0.075
2036-07-26,Scale,72123.73,526,0.014
2036-07-26,Enterprise,283865.41,1315,0.064
2036-08-25,Starter,4445.99,24,0.038
2036-08-25,Growth,15641.79,172,0.07
2036-08-25,Scale,89926.31,395,0.024
2036-08-25,Enterprise,119628.56,302,0.072
2036-09-24,Starter,6325.22,127,0.076
2036-09-24,Growth,11826.7,32,0.057
2036-09-24,Scale,47553.25,128,0.019
2036-09-24,Enterprise,265346.56,833,0.071
2036-10-24,Starter,3304.2,8,0.025
2036-10-24,Growth,30223.91,106,0.037
2036-10-24,Scale,88901.92,397,0.076
2036-10-24,Enterprise,240718.77,933,0.045
2036-11-23,Starter,5973.0,84,0.024
2036-11-23,Growth,10995.41,68,0.057
2036-11-23,Scale,67886.91,474,0.04
2036-11-23,Enterprise,288926.04,3286,0.049
2036-12-23,Starter,4165.84,21,0.05
2036-12-23,Growth,30205.17,373,0.023
2036-12-23,Scale,46303.33,267,0.071
2036-12-23,Enterprise,288867.46,770,0.036
2037-01-22,Starter,6462.36,16,0.071
2037-01-22,Growth,12688.13,34,0.03
2037-01-22,Scale,36807.09,224,0.073
2037-01-22,Enterprise,249704.62,689,0.055
2037-02-21,Starter,5066.1,88,0.077
2037-02-21,Growth,28177.76,113,0.063
2037-02-21,Scale,77253.18,540,0.055
2037-02-21,Enterprise,111834.24,1800,0.027
2037-03-23,Starter,4116.78,23,0.046
2037-03-23,Growth,12757.09,109,0.033
2037-03-23,Scale,63870.46,231,0.029
2037-03-23,Enterprise,237449.36,1120,0.042
2037-04-22,Starter,4155.6,71,0.013
2037-04-22,Growth,26225.0,340,0.038
2037-04-22,Scale,90861.73,512,0.041
2037-04-22,Enterprise,204501.57,612,0.048
2037-05-22,Starter,2552.31,6,0.053
2037-05-22,Growth,14754.39,71,0.074
2037-05-22,Scale,36983.38,101,0.047
2037-05-22,Enterprise,221072.4,754,0.044
2037-06-21,Starter,2907.22,39,0.036
2037-06-21,Growth,33456.44,173,0.066
2037-06-21,Scale,94902.33,1177,0.05
2037-06-21,Enterprise,202841.38,597,0.041
2037-07-21,Starter,5395.09,18,0.024
2037-07-21,Growth,15961.75,84,0.043
2037-07-21,Scale,33243.37,213,0.012
2037-07-21,Enterprise,313488.94,1345,0.036
2037-08-20,Starter,3730.45,13,0.015
2037-08-20,Growth,19658.47,124,0.059
2037-08-20,Scale,67033.06,520,0.077
2037-08-20,Enterprise,319075.72,1285,0.052
2037-09-19,Starter,6406.69,64,0.021
2037-09-19,Growth,21038.01,230,0.043
2037-09-19,Scale,82917.99,388,0.049
2037-09-19,Enterprise,116238.27,731,0.067
2037-10-19,Starter,7328.43,37,0.044
2037-10-19,Growth,32717.0,787,0.071
2037-10-19,Scale,44505.87,470,0.046
2037-10-19,Enterprise,147535.39,404,0.042
2037-11-18,Starter,4970.9,27,0.051
2037-11-18,Growth,31448.63,262,0.032
2037-11-18,Scale,74331.41,223,0.06
2037-11-18,Enterprise,139218.61,1632,0.046
2037-12-18,Starter,7481.84,38,0.078
2037-12-18,Growth,11450.41,48,0.067
2037-12-18,Scale,95463.71,2232,0.074
2037-12-18,Enterprise,311484.23,3663,0.061
2038-01-17,Starter,2481.95,12,0.068
2038-01-17,Growth,25347.36,85,0.022
2038-01-17,Scale,64462.38,305,0.042
2038-01-17,Enterprise,272846.44,874,0.018
2038-02-16,Starter,6565.44,45,0.032
2038-02-16,Growth,28953.25,135,0.045
2038-02-16,Scale,58275.26,1442,0.052
2038-02-16,Enterprise,105331.94,287,0.02
2038-03-18,Starter,2718.85,29,0.07
2038-03-18,Growth,15047.0,102,0.03
2038-03-18,Scale,46477.84,163,0.014
2038-03-18,Enterprise,273744.15,1278,0.068
2038-04-17,Starter,6095.6,15,0.017
2038-04-17,Growth,27341.9,73,0.06
2038-04-17,Scale,61428.47,737,0.051
2038-04-17,Enterprise,250122.14,3166,0.036
2038-05-17,Starter,5837.15,35,0.038
2038-05-17,Growth,31349.64,168,0.013
2038-05-17,Scale,74549.61,261,0.047
2038-05-17,Enterprise,159086.56,1108,0.029
2038-06-16,Starter,2580.83,8,0.021
2038-06-16,Growth,35812.57,104,0.076
2038-06-16,Scale,101617.54,574,0.06
2038-06-16,Enterprise,150824.44,735,0.024
2038-07-16,Starter,6365.51,74,0.016
2038-07-16,Growth,13609.85,102,0.079
2038-07-16,Scale,81968.43,399,0.035
2038-07-16,Enterprise,172237.42,611,0.039
2038-08-15,Starter,6776.01,42,0.065
2038-08-15,Growth,27028.74,387,0.076
2038-08-15,Scale,34631.03,118,0.013
2038-08-15,Enterprise,199617.6,589,0.021
2038-09-14,Starter,2561.26,11,0.019
2038-09-14,Growth,20892.0,84,0.025
2038-09-14,Scale,50936.53,244,0.034
2038-09-14,Enterprise,214511.9,892,0.07
2038-10-14,Starter,3771.13,26,0.045
2038-10-14,Growth,17237.64,79,0.016
2038-10-14,Scale,45740.26,321,0.038
2038-10-14,Enterprise,242890.17,726,0.037
2038-11-13,Starter,8061.16,27,0.075
2038-11-13,Growth,38008.6,211,0.03
2038-11-13,Scale,92910.39,279,0.012
2038-11-13,Enterprise,156772.02,413,0.076
2038-12-13,Starter,6509.1,19,0.039
2038-12-13,Growth,21605.66,67,0.02
2038-12-13,Scale,61207.89,382,0.07
2038-12-13,Enterprise,250518.74,2507,0.06
2039-01-12,Starter,6408.12,44,0.013
2039-01-12,Growth,12810.93,35,0.057
2039-01-12,Scale,42949.14,181,0.056
2039-01-12,Enterprise,128559.33,459,0.036
2039-02-11,Starter,2657.24,37,0.012
2039-02-11,Growth,32638.39,231,0.068
2039-02-11,Scale,69357.27,853,0.077
2039-02-11,Enterprise,157578.15,2603,0.055
2039-03-13,Starter,6792.8,17,0.032
2039-03-13,Growth,23413.89,84,0.025
2039-03-13,Scale,77323.88,245,0.073
2039-03-13,Enterprise,308049.18,4267,0.014
2039-04-12,Starter,6806.44,26,0.047
2039-04-12,Growth,28285.65,227,0.049
2039-04-12,Scale,71897.74,238,0.067
2039-04-12,Enterprise,185299.17,550,0.078
2039-05-12,Starter,3604.94,13,0.076
2039-05-12,Growth,21288.17,55,0.015
2039-05-12,Scale,73932.09,194,0.063
2039-05-12,Enterprise,264502.08,4544,0.062
2039-06-11,Starter,2884.36,21,0.025
2039-06-11,Growth,24352.06,126,0.027
2039-06-11,Scale,64711.03,638,0.074
2039-06-11,Enterprise,115624.12,356,0.016
2039-07-11,Starter,8465.47,29,0.04
2039-07-11,Growth,13993.34,40,0.071
2039-07-11,Scale,76754.45,239,0.073
2039-07-11,Enterprise,356512.69,1125,0.069
2039-08-10,Starter,7827.81,21,0.025
2039-08-10,Growth,39928.68,113,0.016
2039-08-10,Scale,108255.59,379,0.076
2039-08-10,Enterprise,280606.52,914,0.011
2039-09-09,Starter,6306.35,28,0.024
2039-09-09,Growth,24796.69,112,0.079
2039-09-09,Scale,40742.57,162,0.019
2039-09-09,Enterprise,188929.14,674,0.052
2039-10-09,Starter,5496.99,29,0.07
2039-10-09,Growth,30542.96,97,0.017
2039-10-09,Scale,96354.12,497,0.058
2039-10-09,Enterprise,136060.26,623,0.038
2039-11-08,Starter,8096.04,29,0.048
2039-11-08,Growth,39490.83,210,0.027
2039-11-08,Scale,76012.3,207,0.057
2039-11-08,Enterprise,117648.1,389,0.038
2039-12-08,Starter,7387.75,27,0.042
2039-12-08,Growth,23798.49,94,0.023
2039-12-08,Scale,67562.66,338,0.068
2039-12-08,Enterprise,244569.01,997,0.058
2040-01-07,Starter,5404.05,29,0.076
2040-01-07,Growth,40754.32,259,0.023
2040-01-07,Scale,105880.51,412,0.072
2040-01-07,Enterprise,251572.12,970,0.042
2040-02-06,Starter,6249.74,49,0.032
2040-02-06,Growth,27859.69,313,0.034
2040-02-06,Scale,71640.65,345,0.04
2040-02-06,Enterprise,366520.87,1075,0.037
2040-03-07,Starter,2827.75,8,0.074
2040-03-07,Growth,23170.22,75,0.012
2040-03-07,Scale,36480.35,552,0.06
2040-03-07,Enterprise,357857.14,4213,0.041
2040-04-06,Starter,8245.04,25,0.033
2040-04-06,Growth,28566.1,264,0.015
2040-04-06,Scale,99856.18,395,0.076
2040-04-06,Enterprise,206061.98,1127,0.066
2040-05-06,Starter,6040.78,30,0.055
2040-05-06,Growth,37174.79,246,0.04
2040-05-06,Scale,38877.07,141,0.064
2040-05-06,Enterprise,114774.7,446,0.028
2040-06-05,Starter,6444.5,23,0.047
2040-06-05,Growth,25747.85,75,0.044
2040-06-05,Scale,85975.89,216,0.054
2040-06-05,Enterprise,284921.08,894,0.051
2040-07-05,Starter,2823.08,36,0.071
2040-07-05,Growth,22684.89,506,0.055
2040-07-05,Scale,66282.26,249,0.045
2040-07-05,Enterprise,160070.8,513,0.012
2040-08-04,Starter,6927.55,27,0.02
2040-08-04,Growth,18063.31,148,0.023
2040-08-04,Scale,83897.42,250,0.054
2040-08-04,Enterprise,118971.86,1183,0.013
2040-09-03,Starter,7730.43,35,0.024
2040-09-03,Growth,40789.08,122,0.065
2040-09-03,Scale,108765.66,396,0.04
2040-09-03,Enterprise,185219.24,561,0.042
2040-10-03,Starter,4273.22,11,0.061
2040-10-03,Growth,21412.95,437,0.067
2040-10-03,Scale,75589.52,235,0.016
2040-10-03,Enterprise,289707.71,2073,0.037
2040-11-02,Starter,7028.55,27,0.073
2040-11-02,Growth,33250.25,90,0.028
2040-11-02,Scale,94513.8,401,0.045
2040-11-02,Enterprise,172687.17,633,0.028
2040-12-02,Starter,5172.31,39,0.061
2040-12-02,Growth,21351.78,77,0.073
2040-12-02,Scale,116047.31,416,0.039
2040-12-02,Enterprise,370390.55,1645,0.057
2041-01-01,Starter,8452.66,38,0.065
2041-01-01,Growth,29981.84,86,0.056
2041-01-01,Scale,112526.08,408,0.076
2041-01-01,Enterprise,290100.08,834,0.068
2041-01-31,Starter,4186.15,10,0.068
2041-01-31,Growth,28761.69,227,0.012
2041-01-31,Scale,90925.98,441,0.036
2041-01-31,Enterprise,247337.31,663,0.073
2041-03-02,Starter,4695.01,48,0.072
2041-03-02,Growth,25528.75,77,0.049
2041-03-02,Scale,90793.99,331,0.031
2041-03-02,Enterprise,359606.23,1189,0.08
2041-04-01,Starter,7357.72,20,0.012
2041-04-01,Growth,13754.06,45,0.031
2041-04-01,Scale,103245.48,607,0.06
2041-04-01,Enterprise,284229.48,1227,0.038
2041-05-01,Starter,3896.9,11,0.014
2041-05-01,Growth,19174.64,187,0.079
2041-05-01,Scale,87019.46,786,0.013
2041-05-01,Enterprise,249357.85,2046,0.062
2041-05-31,Starter,8864.85,25,0.051
2041-05-31,Growth,21507.09,66,0.034
2041-05-31,Scale,89542.83,312,0.027
2041-05-31,Enterprise,379479.05,6039,0.02
2041-06-30,Starter,6568.25,39,0.035
2041-06-30,Growth,34330.52,119,0.055
2041-06-30,Scale,61705.95,377,0.056
2041-06-30,Enterprise,390734.5,5286,0.025
2041-07-30,Starter,4356.04,68,0.074
2041-07-30,Growth,31956.63,100,0.058
2041-07-30,Scale,95073.4,282,0.063
2041-07-30,Enterprise,295909.79,871,0.033
2041-08-29,Starter,3367.79,11,0.073
2041-08-29,Growth,16759.5,132,0.035
2041-08-29,Scale,38751.25,97,0.022
2041-08-29,Enterprise,222061.44,619,0.067
2041-09-28,Starter,3857.71,19,0.057
2041-09-28,Growth,42042.83,127,0.034
2041-09-28,Scale,96493.85,422,0.045
2041-09-28,Enterprise,271916.02,1135,0.057
2041-10-28,Starter,5235.59,32,0.016
2041-10-28,Growth,33471.64,171,0.013
2041-10-28,Scale,89177.42,242,0.016
2041-10-28,Enterprise,187460.9,2541,0.043
2041-11-27,Starter,9055.19,60,0.068
2041-11-27,Growth,23375.65,81,0.058
2041-11-27,Scale,97863.18,262,0.039
2041-11-27,Enterprise,258244.39,1095,0.018
2041-12-27,Starter,6014.15,46,0.028
2041-12-27,Growth,16471.41,47,0.069
2041-12-27,Scale,95549.97,281,0.036
2041-12-27,Enterprise,244479.18,815,0.071
2042-01-26,Starter,4035.83,20,0.072
2042-01-26,Growth,19060.69,98,0.046
2042-01-26,Scale,83352.42,372,0.065
2042-01-26,Enterprise,250951.27,2573,0.051
2042-02-25,Starter,9383.45,48,0.026
2042-02-25,Growth,33088.14,169,0.011
2042-02-25,Scale,111998.24,300,0.052
2042-02-25,Enterprise,401160.7,2037,0.045
2042-03-27,Starter,3312.8,20,0.06
2042-03-27,Growth,37056.49,110,0.048
2042-03-27,Scale,119029.77,1400,0.057
2042-03-27,Enterprise,336002.74,1691,0.057
2042-04-26,Starter,3609.16,35,0.063
2042-04-26,Growth,22757.69,185,0.064
2042-04-26,Scale,119700.16,518,0.013
2042-04-26,Enterprise,271652.45,784,0.016
2042-05-26,Starter,4974.6,52,0.02
2042-05-26,Growth,33621.86,264,0.031
2042-05-26,Scale,41425.21,145,0.049
2042-05-26,Enterprise,357116.29,2845,0.027
2042-06-25,Starter,3864.2,22,0.036
2042-06-25,Growth,26172.09,245,0.053
2042-06-25,Scale,47354.91,297,0.051
2042-06-25,Enterprise,347484.72,1304,0.024
2042-07-25,Starter,3539.69,10,0.024
2042-07-25,Growth,23630.51,120,0.053
2042-07-25,Scale,57959.3,177,0.072
2042-07-25,Enterprise,329980.49,948,0.057
2042-08-24,Starter,7127.87,33,0.057
2042-08-24,Growth,17311.26,378,0.02
2042-08-24,Scale,91013.56,238,0.076
2042-08-24,Enterprise,306902.46,1701,0.065
2042-09-23,Starter,5391.96,85,0.042
2042-09-23,Growth,42507.02,190,0.069
2042-09-23,Scale,50682.93,194,0.062
2042-09-23,Enterprise,346355.22,1602,0.067
2042-10-23,Starter,4083.56,54,0.048
2042-10-23,Growth,27184.57,74,0.065
2042-10-23,Scale,78635.49,276,0.04
2042-10-23,Enterprise,272446.01,856,0.035
2042-11-22,Starter,7062.56,24,0.044
2042-11-22,Growth,28806.42,198,0.07
2042-11-22,Scale,106500.41,310,0.016
2042-11-22,Enterprise,389510.62,6456,0.029
2042-12-22,Starter,3350.96,10,0.022
2042-12-22,Growth,18348.06,67,0.062
2042-12-22,Scale,86482.39,357,0.049
2042-12-22,Enterprise,136291.92,1167,0.076
2043-01-21,Starter,7650.15,21,0.022
2043-01-21,Growth,24727.97,134,0.063
2043-01-21,Scale,42590.42,155,0.013
2043-01-21,Enterprise,128785.48,401,0.065
2043-02-20,Starter,5001.73,17,0.042
2043-02-20,Growth,25904.86,97,0.048
2043-02-20,Scale,106156.15,839,0.04
2043-02-20,Enterprise,283030.92,5047,0.072
2043-03-22,Starter,9124.7,32,0.041
2043-03-22,Growth,16493.34,46,0.032
2043-03-22,Scale,61361.41,434,0.014
2043-03-22,Enterprise,296688.04,3043,0.01
2043-04-21,Starter,4754.75,17,0.022
2043-04-21,Growth,41571.08,405,0.064
2043-04-21,Scale,108541.7,378,0.015
2043-04-21,Enterprise,362419.15,2022,0.019
2043-05-21,Starter,8820.55,46,0.039
2043-05-21,Growth,14425.53,61,0.057
2043-05-21,Scale,103254.21,377,0.059
2043-05-21,Enterprise,438533.3,1434,0.052
2043-06-20,Starter,6510.85,29,0.059
2043-06-20,Growth,36730.23,189,0.023
2043-06-20,Scale,42832.24,256,0.016
2043-06-20,Enterprise,348312.79,4589,0.014
2043-07-20,Starter,6594.75,152,0.018
2043-07-20,Growth,22643.17,93,0.071
2043-07-20,Scale,41512.46,150,0.047
2043-07-20,Enterprise,320470.94,4134,0.025
2043-08-19,Starter,3099.33,17,0.064
2043-08-19,Growth,45230.66,180,0.016
2043-08-19,Scale,64461.12,237,0.035
2043-08-19,Enterprise,425945.84,2226,0.043
2043-09-18,Starter,7723.27,47,0.037
2043-09-18,Growth,18333.1,171,0.04
2043-09-18,Scale,46658.69,235,0.061
2043-09-18,Enterprise,388033.25,1348,0.057
2043-10-18,Starter,6868.36,22,0.069
2043-10-18,Growth,22842.82,136,0.017
2043-10-18,Scale,111208.82,352,0.037
2043-10-18,Enterprise,378427.09,1604,0.076
2043-11-17,Starter,5915.7,27,0.042
2043-11-17,Growth,21322.17,61,0.047
2043-11-17,Scale,112134.37,333,0.013
2043-11-17,Enterprise,364737.11,3083,0.056
2043-12-17,Starter,8578.25,22,0.057
2043-12-17,Growth,48748.7,327,0.065
2043-12-17,Scale,126077.64,1220,0.04
2043-12-17,Enterprise,365467.59,9067,0.077
2044-01-16,Starter,3944.92,11,0.039
2044-01-16,Growth,17918.67,121,0.054
2044-01-16,Scale,49603.55,464,0.046
2044-01-16,Enterprise,167291.67,914,0.047
2044-02-15,Starter,6357.91,17,0.039
2044-02-15,Growth,31748.31,92,0.037
2044-02-15,Scale,76862.53,196,0.037
2044-02-15,Enterprise,297450.93,1390,0.012
2044-03-16,Starter,6038.51,25,0.077
2044-03-16,Growth,14640.12,104,0.025
2044-03-16,Scale,107408.47,289,0.026
2044-03-16,Enterprise,369973.44,1282,0.016
2044-04-15,Starter,5803.5,14,0.062
2044-04-15,Growth,19837.6,51,0.079
2044-04-15,Scale,98944.99,355,0.022
2044-04-15,Enterprise,439030.71,2466,0.052
2044-05-15,Starter,5320.61,95,0.028
2044-05-15,Growth,28364.3,75,0.02
2044-05-15,Scale,49421.83,209,0.022
2044-05-15,Enterprise,301633.61,2138,0.019
2044-06-14,Starter,4651.5,65,0.018
2044-06-14,Growth,40152.84,126,0.076
2044-06-14,Scale,105480.43,305,0.044
2044-06-14,Enterprise,356870.17,1556,0.061
2044-07-14,Starter,9737.53,42,0.028
2044-07-14,Growth,35888.25,99,0.051
2044-07-14,Scale,85410.07,333,0.032
2044-07-14,Enterprise,442177.95,4994,0.044
2044-08-13,Starter,4031.71,17,0.039
2044-08-13,Growth,27130.23,142,0.046
2044-08-13,Scale,49954.61,189,0.056
2044-08-13,Enterprise,465507.76,1289,0.011
2044-09-12,Starter,3778.98,32,0.066
2044-09-12,Growth,46425.35,132,0.032
2044-09-12,Scale,127869.1,1725,0.039
2044-09-12,Enterprise,411637.98,4094,0.042
2044-10-12,Starter,10788.54,31,0.041
2044-10-12,Growth,21446.31,60,0.039
2044-10-12,Scale,83217.24,555,0.039
2044-10-12,Enterprise,298348.32,1233,0.015
2044-11-11,Starter,7778.24,21,0.047
2044-11-11,Growth,40621.57,160,0.051
2044-11-11,Scale,100542.77,555,0.078
2044-11-11,Enterprise,190831.1,3344,0.063
2044-12-11,Starter,8359.91,187,0.015
2044-12-11,Growth,52061.69,314,0.066
2044-12-11,Scale,112220.4,1379,0.026
2044-12-11,Enterprise,468511.56,4258,0.074
2045-01-10,Starter,9673.99,76,0.043
2045-01-10,Growth,47352.51,298,0.05
2045-01-10,Scale,118664.41,2105,0.058
2045-01-10,Enterprise,419510.6,3293,0.057
2045-02-09,Starter,8081.44,26,0.036
2045-02-09,Growth,44330.33,200,0.034
2045-02-09,Scale,84614.43,217,0.071
2045-02-09,Enterprise,368118.99,994,0.048
2045-03-11,Starter,9974.44,104,0.07
2045-03-11,Growth,52931.3,446,0.054
2045-03-11,Scale,56279.44,360,0.077
2045-03-11,Enterprise,253402.72,1282,0.029
2045-04-10,Starter,10032.14,34,0.023
2045-04-10,Growth,36309.46,101,0.054
2045-04-10,Scale,129170.1,353,0.068
2045-04-10,Enterprise,423043.64,1200,0.073
2045-05-10,Starter,10648.7,136,0.059
2045-05-10,Growth,22083.58,205,0.067
2045-05-10,Scale,54116.47,230,0.026
2045-05-10,Enterprise,343669.36,2034,0.017
2045-06-09,Starter,4958.33,15,0.028
2045-06-09,Growth,24130.45,157,0.025
2045-06-09,Scale,47053.5,369,0.073
2045-06-09,Enterprise,415224.09,1626,0.046
2045-07-09,Starter,9339.46,29,0.054
2045-07-09,Growth,40261.68,207,0.056
2045-07-09,Scale,79842.93,246,0.048
2045-07-09,Enterprise,184815.13,1320,0.061
2045-08-08,Starter,7926.23,25,0.052
2045-08-08,Growth,22044.23,279,0.044
2045-08-08,Scale,123932.74,1150,0.056
2045-08-08,Enterprise,403932.45,5498,0.038
2045-09-07,Starter,3811.32,10,0.025
2045-09-07,Growth,39414.94,361,0.04
2045-09-07,Scale,44918.47,155,0.018
2045-09-07,Enterprise,368957.5,1253,0.078
2045-10-07,Starter,9181.23,87,0.019
2045-10-07,Growth,22016.66,216,0.07
2045-10-07,Scale,70813.64,246,0.047
2045-10-07,Enterprise,417809.61,1393,0.067
2045-11-06,Starter,3807.89,13,0.027
2045-11-06,Growth,44054.09,224,0.032
2045-11-06,Scale,43633.45,120,0.017
2045-11-06,Enterprise,418885.55,2899,0.022
2045-12-06,Starter,9701.53,40,0.07
2045-12-06,Growth,21509.42,54,0.012
2045-12-06,Scale,116693.65,911,0.069
2045-12-06,Enterprise,270089.24,927,0.032
2046-01-05,Starter,6784.64,23,0.076
2046-01-05,Growth,20105.33,65,0.04
2046-01-05,Scale,49345.1,306,0.079
2046-01-05,Enterprise,142714.47,433,0.03
2046-02-04,Starter,5938.71,35,0.053
2046-02-04,Growth,40016.29,631,0.023
2046-02-04,Scale,46650.2,306,0.055
2046-02-04,Enterprise,247580.31,1577,0.017
2046-03-06,Starter,8717.39,145,0.074
2046-03-06,Growth,22647.82,64,0.057
2046-03-06,Scale,131860.11,2015,0.055
2046-03-06,Enterprise,254903.7,1644,0.029
2046-04-05,Starter,9735.82,38,0.022
2046-04-05,Growth,40845.56,397,0.044
2046-04-05,Scale,120232.74,614,0.056
2046-04-05,Enterprise,501041.62,1957,0.064
2046-05-05,Starter,8230.45,66,0.048
2046-05-05,Growth,19353.33,148,0.068
2046-05-05,Scale,111217.32,473,0.063
2046-05-05,Enterprise,361610.27,7887,0.053
2046-06-04,Starter,5339.14,16,0.019
2046-06-04,Growth,41899.84,120,0.031
2046-06-04,Scale,84490.66,299,0.046
2046-06-04,Enterprise,209935.81,1118,0.024
2046-07-04,Starter,5954.51,26,0.052
2046-07-04,Growth,54063.61,407,0.043
2046-07-04,Scale,54317.26,141,0.047
2046-07-04,Enterprise,301072.71,1156,0.061
2046-08-03,Starter,7773.21,24,0.035
2046-08-03,Growth,27391.19,192,0.061
2046-08-03,Scale,62671.86,165,0.076
2046-08-03,Enterprise,345302.91,2109,0.041
2046-09-02,Starter,5159.34,15,0.012
2046-09-02,Growth,50763.8,514,0.063
2046-09-02,Scale,105388.45,288,0.047
2046-09-02,Enterprise,371006.65,2127,0.029
2046-10-02,Starter,11992.01,56,0.054
2046-10-02,Growth,16170.21,66,0.066
2046-10-02,Scale,110813.44,287,0.03
2046-10-02,Enterprise,220452.68,860,0.069
2046-11-01,Starter,7520.63,47,0.028
2046-11-01,Growth,20967.94,88,0.024
2046-11-01,Scale,47681.23,188,0.051
2046-11-01,Enterprise,244937.19,1028,0.076
2046-12-01,Starter,5276.5,37,0.03
2046-12-01,Growth,45846.25,168,0.057
2046-12-01,Scale,101569.23,517,0.041
2046-12-01,Enterprise,343987.36,1383,0.042
2046-12-31,Starter,7023.7,89,0.059
2046-12-31,Growth,51157.43,1065,0.07
2046-12-31,Scale,140071.46,559,0.016
2046-12-31,Enterprise,241545.1,1216,0.016
2047-01-30,Starter,3661.94,11,0.066
2047-01-30,Growth,26771.15,69,0.06
2047-01-30,Scale,150734.13,1958,0.037
2047-01-30,Enterprise,454702.81,2383,0.061
2047-03-01,Starter,3438.46,21,0.048
2047-03-01,Growth,36985.86,97,0.058
2047-03-01,Scale,87556.72,314,0.028
2047-03-01,Enterprise,477770.12,1671,0.024
2047-03-31,Starter,9636.29,24,0.036
2047-03-31,Growth,53010.71,134,0.05
2047-03-31,Scale,81368.64,227,0.079
2047-03-31,Enterprise,250266.32,798,0.011
2047-04-30,Starter,6454.02,34,0.07
2047-04-30,Growth,40200.49,105,0.044
2047-04-30,Scale,79695.17,896,0.06
2047-04-30,Enterprise,486321.59,1334,0.066
2047-05-30,Starter,7366.92,35,0.059
2047-05-30,Growth,40797.03,112,0.066
2047-05-30,Scale,58541.98,151,0.069
2047-05-30,Enterprise,271552.68,691,0.058
2047-06-29,Starter,5642.62,36,0.059
2047-06-29,Growth,36833.7,119,0.063
2047-06-29,Scale,145063.18,978,0.079
2047-06-29,Enterprise,173818.15,924,0.063
2047-07-29,Starter,8159.67,56,0.027
2047-07-29,Growth,47839.01,136,0.071
2047-07-29,Scale,122037.25,1104,0.046
2047-07-29,Enterprise,231316.65,773,0.016
2047-08-28,Starter,10475.45,30,0.02
2047-08-28,Growth,39549.96,224,0.033
2047-08-28,Scale,156695.86,603,0.025
2047-08-28,Enterprise,438202.61,1614,0.045
2047-09-27,Starter,6859.04,18,0.073
2047-09-27,Growth,37143.01,223,0.036
2047-09-27,Scale,99970.52,276,0.037
2047-09-27,Enterprise,307315.83,5246,0.024
2047-10-27,Starter,7369.19,56,0.058
2047-10-27,Growth,25387.07,99,0.038
2047-10-27,Scale,135998.57,773,0.062
2047-10-27,Enterprise,242544.21,3118,0.015
2047-11-26,Starter,12346.38,111,0.036
2047-11-26,Growth,45494.43,632,0.06
2047-11-26,Scale,131965.5,2306,0.072
2047-11-26,Enterprise,472987.95,1317,0.031
2047-12-26,Starter,11497.03,55,0.072
2047-12-26,Growth,23892.4,126,0.02
2047-12-26,Scale,73875.2,407,0.048
2047-12-26,Enterprise,419499.5,1877,0.073
2048-01-25,Starter,8652.62,24,0.044
2048-01-25,Growth,37864.82,117,0.078
2048-01-25,Scale,146462.48,561,0.058
2048-01-25,Enterprise,402663.14,1063,0.069
2048-02-24,Starter,10147.82,113,0.035
2048-02-24,Growth,24770.58,79,0.065
2048-02-24,Scale,149229.15,422,0.077
2048-02-24,Enterprise,456282.87,2158,0.043
2048-03-25,Starter,8736.24,61,0.029
2048-03-25,Growth,23107.66,60,0.044
2048-03-25,Scale,100904.61,1462,0.052
2048-03-25,Enterprise,287709.81,1953,0.015
2048-04-24,Starter,10597.85,33,0.056
2048-04-24,Growth,25680.8,97,0.014
2048-04-24,Scale,49390.39,165,0.05
2048-04-24,Enterprise,259829.82,4991,0.039
2048-05-24,Starter,7300.49,24,0.021
2048-05-24,Growth,49194.07,163,0.034
2048-05-24,Scale,108454.71,281,0.033
2048-05-24,Enterprise,410470.48,2392,0.034
2048-06-23,Starter,5274.41,47,0.057
2048-06-23,Growth,57958.76,297,0.012
2048-06-23,Scale,127757.0,345,0.063
2048-06-23,Enterprise,492766.55,9252,0.043
2048-07-23,Starter,11648.22,47,0.016
2048-07-23,Growth,19392.1,151,0.032
2048-07-23,Scale,164980.88,589,0.068
2048-07-23,Enterprise,182557.39,713,0.064
2048-08-22,Starter,8342.62,32,0.038
2048-08-22,Growth,30663.2,444,0.048
2048-08-22,Scale,128453.81,830,0.025
2048-08-22,Enterprise,535702.98,1655,0.029
2048-09-21,Starter,7651.77,50,0.031
2048-09-21,Growth,36694.62,98,0.046
2048-09-21,Scale,138689.42,741,0.044
2048-09-21,Enterprise,152403.99,509,0.061
2048-10-21,Starter,7533.63,26,0.07
2048-10-21,Growth,53903.88,227,0.02
2048-10-21,Scale,120878.15,394,0.06
2048-10-21,Enterprise,300916.35,1840,0.052
2048-11-20,Starter,7205.49,31,0.053
2048-11-20,Growth,29229.4,295,0.026
2048-11-20,Scale,74585.16,246,0.05
2048-11-20,Enterprise,228070.27,1186,0.03
2048-12-20,Starter,3802.13,27,0.044
2048-12-20,Growth,27781.12,119,0.022
2048-12-20,Scale,65495.06,499,0.035
2048-12-20,Enterprise,240966.92,3357,0.037
2049-01-19,Starter,3954.66,18,0.042
2049-01-19,Growth,27933.42,117,0.069
2049-01-19,Scale,77674.48,255,0.045
2049-01-19,Enterprise,221911.12,1088,0.071
2049-02-18,Starter,11631.37,283,0.033
2049-02-18,Growth,28857.78,374,0.075
2049-02-18,Scale,138608.59,491,0.074
2049-02-18,Enterprise,246229.05,1110,0.055
2049-03-20,Starter,11769.81,29,0.048
2049-03-20,Growth,50837.8,174,0.07
2049-03-20,Scale,97914.96,262,0.071
2049-03-20,Enterprise,350267.43,4708,0.016
2049-04-19,Starter,5646.9,32,0.045
2049-04-19,Growth,25643.29,282,0.046
2049-04-19,Scale,71167.96,195,0.078
2049-04-19,Enterprise,471464.79,2028,0.015
2049-05-19,Starter,5725.4,21,0.047
2049-05-19,Growth,41613.95,154,0.059
2049-05-19,Scale,107848.1,419,0.034
2049-05-19,Enterprise,411297.24,1562,0.067
2049-06-18,Starter,8792.35,29,0.057
2049-06-18,Growth,61580.84,166,0.078
2049-06-18,Scale,116275.42,664,0.035
2049-06-18,Enterprise,369713.3,1028,0.071
2049-07-18,Starter,7390.22,44,0.053
2049-07-18,Growth,27097.2,237,0.07
2049-07-18,Scale,120818.88,794,0.063
2049-07-18,Enterprise,392751.41,1655,0.06
2049-08-17,Starter,4111.46,68,0.024
2049-08-17,Growth,41743.53,124,0.071
2049-08-17,Scale,71124.49,829,0.052
2049-08-17,Enterprise,495345.89,3253,0.021
2049-09-16,Starter,10511.55,29,0.05
2049-09-16,Growth,51604.08,405,0.063
2049-09-16,Scale,54048.88,214,0.075
2049-09-16,Enterprise,229120.06,1016,0.021
2049-10-16,Starter,12673.43,86,0.079
2049-10-16,Growth,31037.98,168,0.024
2049-10-16,Scale,58207.06,162,0.035
2049-10-16,Enterprise,239080.48,4022,0.014
2049-11-15,Starter,5952.25,54,0.067
2049-11-15,Growth,31174.83,154,0.047
2049-11-15,Scale,132890.53,1750,0.013
2049-11-15,Enterprise,576573.09,1880,0.035
2049-12-15,Starter,9209.04,33,0.032
2049-12-15,Growth,38682.84,126,0.06
2049-12-15,Scale,78032.47,237,0.033
2049-12-15,Enterprise,530593.17,6386,0.049
2050-01-14,Starter,13476.42,52,0.017
2050-01-14,Growth,36461.6,139,0.073
2050-01-14,Scale,82009.52,863,0.039
2050-01-14,Enterprise,447025.03,1187,0.074
2050-02-13,Starter,11812.58,244,0.078
2050-02-13,Growth,60455.65,195,0.079
2050-02-13,Scale,96776.63,369,0.011
2050-02-13,Enterprise,537443.85,1493,0.069
2050-03-15,Starter,11073.35,41,0.021
2050-03-15,Growth,29324.0,89,0.019
2050-03-15,Scale,116947.93,614,0.045
2050-03-15,Enterprise,212655.04,740,0.054
2050-04-14,Starter,8812.15,23,0.038
2050-04-14,Growth,48234.04,272,0.053
2050-04-14,Scale,148647.66,387,0.012
2050-04-14,Enterprise,241976.05,1759,0.05
2050-05-14,Starter,13216.95,185,0.01
2050-05-14,Growth,33973.91,276,0.056
2050-05-14,Scale,130348.1,350,0.076
2050-05-14,Enterprise,310129.17,3580,0.019
2050-06-13,Starter,10160.68,176,0.024
2050-06-13,Growth,24623.75,433,0.055
2050-06-13,Scale,108576.33,315,0.049
2050-06-13,Enterprise,424033.08,1392,0.028
2050-07-13,Starter,5754.14,27,0.019
2050-07-13,Growth,46732.27,650,0.033
2050-07-13,Scale,165777.54,499,0.033
2050-07-13,Enterprise,588546.94,1641,0.066
2050-08-12,Starter,4051.43,10,0.074
2050-08-12,Growth,62946.25,342,0.066
2050-08-12,Scale,54487.32,228,0.022
2050-08-12,Enterprise,564160.69,5347,0.011
2050-09-11,Starter,11842.76,34,0.072
2050-09-11,Growth,30438.24,79,0.038
2050-09-11,Scale,177035.96,456,0.013
2050-09-11,Enterprise,412019.92,3107,0.016
2050-10-11,Starter,8995.98,29,0.045
2050-10-11,Growth,38769.3,100,0.028
2050-10-11,Scale,53618.89,147,0.033
2050-10-11,Enterprise,526519.75,2695,0.019
2050-11-10,Starter,9145.94,42,0.046
2050-11-10,Growth,42470.84,140,0.037
2050-11-10,Scale,105117.19,266,0.078
2050-11-10,Enterprise,433400.43,3451,0.024
2050-12-10,Starter,10660.81,181,0.055
2050-12-10,Growth,60649.53,676,0.051
2050-12-10,Scale,166020.85,417,0.066
2050-12-10,Enterprise,541355.72,2254,0.011
2051-01-09,Starter,6757.0,19,0.029
2051-01-09,Growth,54446.76,149,0.016
2051-01-09,Scale,125798.12,2761,0.046
2051-01-09,Enterprise,253734.61,3033,0.06
2051-02-08,Starter,6534.77,16,0.051
2051-02-08,Growth,66100.83,423,0.027
2051-02-08,Scale,71829.48,240,0.03
2051-02-08,Enterprise,195623.09,660,0.019
2051-03-10,Starter,8671.03,35,0.013
2051-03-10,Growth,35700.62,236,0.019
2051-03-10,Scale,81455.47,481,0.017
2051-03-10,Enterprise,487532.43,2313,0.055
2051-04-09,Starter,12464.33,78,0.025
2051-04-09,Growth,50233.02,276,0.011
2051-04-09,Scale,124057.55,353,0.063
2051-04-09,Enterprise,342555.59,1289,0.062
2051-05-09,Starter,8238.31,25,0.037
2051-05-09,Growth,50534.27,199,0.022
2051-05-09,Scale,153576.15,406,0.047
2051-05-09,Enterprise,246727.68,687,0.047
2051-06-08,Starter,5639.33,24,0.01
2051-06-08,Growth,55736.01,242,0.021
2051-06-08,Scale,100123.71,1819,0.073
2051-06-08,Enterprise,393355.35,2030,0.061
2051-07-08,Starter,11106.62,32,0.044
2051-07-08,Growth,38436.04,176,0.011
2051-07-08,Scale,177997.93,1268,0.066
2051-07-08,Enterprise,262791.19,672,0.061
2051-08-07,Starter,10004.85,29,0.043
2051-08-07,Growth,25550.86,207,0.055
2051-08-07,Scale,61116.21,288,0.073
2051-08-07,Enterprise,471202.5,1595,0.052
2051-09-06,Starter,5617.05,25,0.054
2051-09-06,Growth,31954.34,108,0.078
2051-09-06,Scale,62053.94,216,0.059
2051-09-06,Enterprise,296548.54,1291,0.058
2051-10-06,Starter,14405.45,149,0.041
2051-10-06,Growth,56187.81,164,0.056
2051-10-06,Scale,157833.16,600,0.04
2051-10-06,Enterprise,316876.39,2320,0.038
2051-11-05,Starter,12356.37,187,0.035
2051-11-05,Growth,50397.2,331,0.018
2051-11-05,Scale,105514.63,457,0.04
2051-11-05,Enterprise,588548.15,13732,0.067
2051-12-05,Starter,10018.91,87,0.062
2051-12-05,Growth,59372.46,958,0.018
2051-12-05,Scale,157929.18,462,0.016
2051-12-05,Enterprise,500203.76,2023,0.056
2052-01-04,Starter,5636.44,15,0.02
2052-01-04,Growth,44804.87,142,0.065
2052-01-04,Scale,80219.69,252,0.052
2052-01-04,Enterprise,385091.79,2051,0.013
2052-02-03,Starter,10748.07,34,0.041
2052-02-03,Growth,53462.09,139,0.066
2052-02-03,Scale,171174.15,439,0.029
2052-02-03,Enterprise,528952.31,4775,0.031
2052-03-04,Starter,4041.11,11,0.033
2052-03-04,Growth,29656.95,95,0.036
2052-03-04,Scale,172593.58,939,0.079
2052-03-04,Enterprise,390034.83,1042,0.033
2052-04-03,Starter,6949.52,19,0.034
2052-04-03,Growth,48269.25,133,0.013
2052-04-03,Scale,174362.91,813,0.029
2052-04-03,Enterprise,510825.36,1288,0.054
2052-05-03,Starter,5502.39,61,0.054
2052-05-03,Growth,56695.15,311,0.059
2052-05-03,Scale,161335.78,609,0.014
2052-05-03,Enterprise,444089.17,4667,0.047
2052-06-02,Starter,14711.02,78,0.062
2052-06-02,Growth,65804.11,690,0.045
2052-06-02,Scale,154048.49,1518,0.016
2052-06-02,Enterprise,575009.48,3409,0.032
2052-07-02,Starter,13708.15,42,0.069
2052-07-02,Growth,29868.86,232,0.011
2052-07-02,Scale,120837.54,743,0.032
2052-07-02,Enterprise,233899.01,633,0.037
2052-08-01,Starter,8600.8,72,0.053
2052-08-01,Growth,39158.95,144,0.029
2052-08-01,Scale,156346.75,3821,0.049
2052-08-01,Enterprise,529756.31,11023,0.044
2052-08-31,Starter,7816.1,27,0.073
2052-08-31,Growth,54614.52,144,0.053
2052-08-31,Scale,60719.93,283,0.036
2052-08-31,Enterprise,241720.05,851,0.029
2052-09-30,Starter,5108.15,33,0.065
2052-09-30,Growth,36344.29,128,0.04
2052-09-30,Scale,90574.11,385,0.046
2052-09-30,Enterprise,484264.67,3782,0.065
2052-10-30,Starter,7777.79,31,0.029
2052-10-30,Growth,41899.64,252,0.065
2052-10-30,Scale,134137.8,2520,0.011
2052-10-30,Enterprise,323633.64,1074,0.028
2052-11-29,Starter,12869.56,111,0.068
2052-11-29,Growth,30505.07,96,0.048
2052-11-29,Scale,145098.15,1892,0.07
2052-11-29,Enterprise,546617.16,5312,0.02
2052-12-29,Starter,4106.72,16,0.064
2052-12-29,Growth,63579.39,1071,0.038
2052-12-29,Scale,186996.87,1475,0.071
2052-12-29,Enterprise,334477.54,1972,0.042
2053-01-28,Starter,5479.76,93,0.013
2053-01-28,Growth,25472.28,159,0.028
2053-01-28,Scale,117019.89,956,0.03
2053-01-28,Enterprise,624950.36,4938,0.015
2053-02-27,Starter,14096.98,104,0.048
2053-02-27,Growth,26076.27,156,0.036
2053-02-27,Scale,189771.95,1176,0.028
2053-02-27,Enterprise,278307.86,2026,0.078
2053-03-29,Starter,11212.33,74,0.038
2053-03-29,Growth,36358.71,132,0.043
2053-03-29,Scale,141218.83,922,0.027
2053-03-29,Enterprise,241729.75,1405,0.036
2053-04-28,Starter,10328.25,30,0.057
2053-04-28,Growth,49740.61,128,0.034
2053-04-28,Scale,159869.93,1076,0.044
2053-04-28,Enterprise,614267.56,8170,0.039
2053-05-28,Starter,4621.7,14,0.074
2053-05-28,Growth,59937.6,445,0.055
2053-05-28,Scale,164587.82,876,0.027
2053-05-28,Enterprise,527175.67,1910,0.077
2053-06-27,Starter,7545.62,185,0.011
2053-06-27,Growth,24648.29,133,0.052
2053-06-27,Scale,193786.15,722,0.017
2053-06-27,Enterprise,522750.27,2404,0.051
2053-07-27,Starter,12308.93,37,0.059
2053-07-27,Growth,70874.32,835,0.034
2053-07-27,Scale,99172.62,610,0.013
2053-07-27,Enterprise,516121.15,2348,0.03
2053-08-26,Starter,12266.94,66,0.019
2053-08-26,Growth,20709.81,79,0.037
2053-08-26,Scale,55818.61,271,0.053
2053-08-26,Enterprise,190179.16,551,0.063
2053-09-25,Starter,9156.27,173,0.037
2053-09-25,Growth,49883.84,182,0.05
2053-09-25,Scale,124362.44,635,0.052
2053-09-25,Enterprise,630134.91,4131,0.058
2053-10-25,Starter,8716.43,29,0.018
2053-10-25,Growth,62034.83,249,0.065
2053-10-25,Scale,150345.48,473,0.075
2053-10-25,Enterprise,380749.42,2062,0.027
2053-11-24,Starter,15621.53,48,0.044
2053-11-24,Growth,32338.09,90,0.066
2053-11-24,Scale,156390.37,615,0.013
2053-11-24,Enterprise,204298.71,2372,0.047
2053-12-24,Starter,6650.05,20,0.078
2053-12-24,Growth,31896.62,194,0.017
2053-12-24,Scale,81953.98,1922,0.029
2053-12-24,Enterprise,199578.46,957,0.07
2054-01-23,Starter,6095.92,22,0.078
2054-01-23,Growth,31769.5,170,0.057
2054-01-23,Scale,86738.22,407,0.064
2054-01-23,Enterprise,453462.11,2278,0.067
2054-02-22,Starter,4926.17,16,0.046
2054-02-22,Growth,20819.58,70,0.07
2054-02-22,Scale,185366.27,4216,0.014
2054-02-22,Enterprise,400173.34,1336,0.066
2054-03-24,Starter,13186.29,66,0.036
2054-03-24,Growth,63677.12,353,0.012
2054-03-24,Scale,79608.62,230,0.023
2054-03-24,Enterprise,663199.34,3501,0.073
2054-04-23,Starter,9694.22,38,0.029
2054-04-23,Growth,61920.96,958,0.072
2054-04-23,Scale,182255.97,798,0.04
2054-04-23,Enterprise,464473.36,6464,0.019
2054-05-23,Starter,5726.76,51,0.066
2054-05-23,Growth,23849.65,89,0.022
2054-05-23,Scale,183128.84,555,0.016
2054-05-23,Enterprise,231847.89,1072,0.055
2054-06-22,Starter,10872.36,27,0.069
2054-06-22,Growth,63957.62,181,0.038
2054-06-22,Scale,167388.59,1082,0.077
2054-06-22,Enterprise,489434.79,3540,0.074
2054-07-22,Starter,12451.38,118,0.058
2054-07-22,Growth,37160.23,259,0.015
2054-07-22,Scale,132255.18,404,0.058
2054-07-22,Enterprise,508737.92,1613,0.059
2054-08-21,Starter,5259.56,29,0.042
2054-08-21,Growth,47896.12,1028,0.034
2054-08-21,Scale,63093.48,264,0.055
2054-08-21,Enterprise,447566.59,1551,0.025
2054-09-20,Starter,14132.6,47,0.046
2054-09-20,Growth,62808.6,269,0.073
2054-09-20,Scale,184264.45,487,0.028
2054-09-20,Enterprise,513769.79,5153,0.076
2054-10-20,Starter,7358.48,32,0.024
2054-10-20,Growth,37790.83,96,0.073
2054-10-20,Scale,71423.15,358,0.048
2054-10-20,Enterprise,635069.87,14397,0.01
2054-11-19,Starter,9989.06,31,0.074
2054-11-19,Growth,45898.7,214,0.061
2054-11-19,Scale,56339.23,293,0.057
2054-11-19,Enterprise,398660.14,1023,0.027
2054-12-19,Starter,9815.49,106,0.052
2054-12-19,Growth,20177.18,105,0.044
2054-12-19,Scale,182066.45,676,0.023
2054-12-19,Enterprise,228296.84,2454,0.03
2055-01-18,Starter,10535.94,46,0.049
2055-01-18,Growth,56570.12,733,0.037
2055-01-18,Scale,142347.31,2537,0.072
2055-01-18,Enterprise,519122.46,2894,0.031
2055-02-17,Starter,8232.87,44,0.053
2055-02-17,Growth,46150.91,581,0.053
2055-02-17,Scale,116298.96,744,0.073
2055-02-17,Enterprise,561449.37,2165,0.011
2055-03-19,Starter,13711.99,105,0.066
2055-03-19,Growth,22014.01,90,0.06
2055-03-19,Scale,129616.71,2844,0.031
2055-03-19,Enterprise,352362.52,1266,0.018
2055-04-18,Starter,15866.38,78,0.014
2055-04-18,Growth,51135.3,167,0.036
2055-04-18,Scale,143319.12,1331,0.08
2055-04-18,Enterprise,254837.77,1409,0.077
2055-05-18,Starter,9901.72,96,0.077
2055-05-18,Growth,72033.34,1123,0.027
2055-05-18,Scale,194013.72,641,0.065
2055-05-18,Enterprise,356371.93,3498,0.066
2055-06-17,Starter,6043.22,74,0.05
2055-06-17,Growth,72602.14,1480,0.06
2055-06-17,Scale,125763.06,386,0.046
2055-06-17,Enterprise,255651.57,744,0.052
2055-07-17,Starter,6762.94,17,0.048
2055-07-17,Growth,63002.99,186,0.023
2055-07-17,Scale,185366.15,686,0.01
2055-07-17,Enterprise,368845.46,2923,0.066
2055-08-16,Starter,14688.94,69,0.034
2055-08-16,Growth,34729.35,140,0.064
2055-08-16,Scale,165181.38,1967,0.071
2055-08-16,Enterprise,560351.9,3747,0.074
2055-09-15,Starter,13677.55,145,0.048
2055-09-15,Growth,31158.84,126,0.036
2055-09-15,Scale,203721.73,815,0.044
2055-09-15,Enterprise,481510.47,1282,0.034
2055-10-15,Starter,13627.87,53,0.017
2055-10-15,Growth,73300.87,1057,0.044
2055-10-15,Scale,60183.57,1162,0.039
2055-10-15,Enterprise,417658.09,6901,0.05
2055-11-14,Starter,5292.93,40,0.075
2055-11-14,Growth,42283.0,266,0.077
2055-11-14,Scale,95688.8,288,0.063
2055-11-14,Enterprise,511162.77,2023,0.025
2055-12-14,Starter,9893.24,41,0.018
2055-12-14,Growth,52409.09,166,0.038
2055-12-14,Scale,129008.05,460,0.07
2055-12-14,Enterprise,190678.07,1354,0.032
2056-01-13,Starter,15979.3,57,0.06
2056-01-13,Growth,54239.72,182,0.057
2056-01-13,Scale,161255.83,1301,0.016
2056-01-13,Enterprise,581739.09,1854,0.013
2056-02-12,Starter,7200.04,53,0.065
2056-02-12,Growth,63638.76,212,0.042
2056-02-12,Scale,200057.63,507,0.073
2056-02-12,Enterprise,323882.07,918,0.018
2056-03-13,Starter,4431.98,18,0.073
2056-03-13,Growth,70150.64,279,0.059
2056-03-13,Scale,211712.29,703,0.025
2056-03-13,Enterprise,247994.39,3379,0.034
2056-04-12,Starter,4678.82,28,0.03
2056-04-12,Growth,48646.87,238,0.065
2056-04-12,Scale,149022.35,394,0.067
2056-04-12,Enterprise,562693.64,3812,0.043
2056-05-12,Starter,14771.4,189,0.014
2056-05-12,Growth,75964.89,307,0.037
2056-05-12,Scale,196541.28,1153,0.057
2056-05-12,Enterprise,371699.91,2281,0.02
2056-06-11,Starter,11488.43,56,0.022
2056-06-11,Growth,60455.56,522,0.045
2056-06-11,Scale,99591.38,251,0.012
2056-06-11,Enterprise,294860.33,6739,0.046
2056-07-11,Starter,16397.11,92,0.07
2056-07-11,Growth,64004.52,1451,0.04
2056-07-11,Scale,172369.01,569,0.023
2056-07-11,Enterprise,644322.57,2351,0.07
2056-08-10,Starter,5319.36,23,0.075
2056-08-10,Growth,66498.35,314,0.054
2056-08-10,Scale,194944.41,544,0.072
2056-08-10,Enterprise,420673.75,2405,0.013
2056-09-09,Starter,12684.39,51,0.073
2056-09-09,Growth,44685.11,254,0.045
2056-09-09,Scale,151666.44,425,0.067
2056-09-09,Enterprise,677713.99,10408,0.065
2056-10-09,Starter,5184.46,26,0.027
2056-10-09,Growth,41931.75,483,0.052
2056-10-09,Scale,85070.61,306,0.012
2056-10-09,Enterprise,475990.33,1306,0.074
2056-11-08,Starter,8121.49,82,0.023
2056-11-08,Growth,76368.48,601,0.065
2056-11-08,Scale,92223.7,365,0.026
2056-11-08,Enterprise,338919.03,7043,0.038
2056-12-08,Starter,13456.76,269,0.069
2056-12-08,Growth,76903.18,315,0.078
2056-12-08,Scale,171842.45,603,0.01
2056-12-08,Enterprise,516763.06,1875,0.023
2057-01-07,Starter,10059.91,28,0.033
2057-01-07,Growth,29391.13,195,0.02
2057-01-07,Scale,113331.79,530,0.068
2057-01-07,Enterprise,208407.13,1172,0.076
2057-02-06,Starter,7748.97,21,0.049
2057-02-06,Growth,38144.07,179,0.076
2057-02-06,Scale,97652.17,1192,0.051
2057-02-06,Enterprise,594978.15,1814,0.065
2057-03-08,Starter,7792.9,45,0.077
2057-03-08,Growth,74885.29,324,0.01
2057-03-08,Scale,98219.19,491,0.063
2057-03-08,Enterprise,354157.79,4046,0.033
2057-04-07,Starter,4925.98,20,0.078
2057-04-07,Growth,46469.31,201,0.077
2057-04-07,Scale,146811.91,2943,0.023
2057-04-07,Enterprise,315081.11,1248,0.019
2057-05-07,Starter,6118.65,17,0.074
2057-05-07,Growth,23292.09,64,0.054
2057-05-07,Scale,175371.93,1114,0.038
2057-05-07,Enterprise,416212.78,3613,0.051
2057-06-06,Starter,11956.45,136,0.067
2057-06-06,Growth,55148.86,172,0.021
2057-06-06,Scale,203373.26,928,0.068
2057-06-06,Enterprise,571397.19,4375,0.021
2057-07-06,Starter,8552.46,50,0.039
2057-07-06,Growth,55898.8,692,0.074
2057-07-06,Scale,153246.78,1011,0.018
2057-07-06,Enterprise,197566.69,1794,0.023
2057-08-05,Starter,11753.35,277,0.01
2057-08-05,Growth,40868.76,139,0.023
2057-08-05,Scale,138816.16,857,0.016
2057-08-05,Enterprise,704206.04,7574,0.021
2057-09-04,Starter,13673.23,43,0.016
2057-09-04,Growth,74906.43,440,0.036
2057-09-04,Scale,103469.3,564,0.047
2057-09-04,Enterprise,531620.97,1918,0.059
2057-10-04,Starter,5318.23,14,0.038
2057-10-04,Growth,29413.36,141,0.056
2057-10-04,Scale,61727.22,821,0.022
2057-10-04,Enterprise,566405.48,2306,0.028
2057-11-03,Starter,6824.77,117,0.071
2057-11-03,Growth,45623.19,213,0.074
2057-11-03,Scale,115536.54,379,0.075
2057-11-03,Enterprise,635672.94,5645,0.05
2057-12-03,Starter,9462.56,24,0.02
2057-12-03,Growth,35989.61,149,0.038
2057-12-03,Scale,176557.58,4033,0.013
2057-12-03,Enterprise,243236.07,1822,0.041
2058-01-02,Starter,12377.81,101,0.038
2058-01-02,Growth,26181.4,85,0.047
2058-01-02,Scale,142455.43,1876,0.054
2058-01-02,Enterprise,199156.35,1161,0.061
2058-02-01,Starter,12027.45,54,0.079
2058-02-01,Growth,81136.18,288,0.012
2058-02-01,Scale,80793.98,1214,0.019
2058-02-01,Enterprise,261469.29,1078,0.048
2058-03-03,Starter,14090.29,164,0.026
2058-03-03,Growth,30807.78,126,0.069
2058-03-03,Scale,198539.69,803,0.07
2058-03-03,Enterprise,613225.92,2445,0.045
2058-04-02,Starter,12447.47,161,0.047
2058-04-02,Growth,79206.86,215,0.074
2058-04-02,Scale,195500.42,2881,0.069
2058-04-02,Enterprise,641297.31,2353,0.016
2058-05-02,Starter,12582.5,32,0.073
2058-05-02,Growth,50429.5,148,0.042
2058-05-02,Scale,176667.03,2212,0.065
2058-05-02,Enterprise,369055.2,3479,0.049
2058-06-01,Starter,10844.52,86,0.039
2058-06-01,Growth,45540.8,276,0.016
2058-06-01,Scale,215797.97,1718,0.015
2058-06-01,Enterprise,364612.3,1475,0.078
2058-07-01,Starter,15154.54,72,0.041
2058-07-01,Growth,68745.42,252,0.06
2058-07-01,Scale,137746.92,1352,0.063
2058-07-01,Enterprise,363541.62,1352,0.024
2058-07-31,Starter,16403.44,46,0.054
2058-07-31,Growth,50501.01,231,0.052
2058-07-31,Scale,206831.95,1214,0.018
2058-07-31,Enterprise,704158.72,2264,0.07
2058-08-30,Starter,7659.69,33,0.057
2058-08-30,Growth,24592.12,255,0.074
2058-08-30,Scale,67992.0,205,0.029
2058-08-30,Enterprise,498039.7,10652,0.031
2058-09-29,Starter,8611.23,34,0.039
2058-09-29,Growth,25110.16,492,0.013
2058-09-29,Scale,109022.6,425,0.039
2058-09-29,Enterprise,398086.26,3260,0.039
2058-10-29,Starter,8562.31,85,0.037
2058-10-29,Growth,70574.34,243,0.02
2058-10-29,Scale,122715.99,483,0.075
2058-10-29,Enterprise,323646.94,1006,0.026
2058-11-28,Starter,12696.36,180,0.077
2058-11-28,Growth,79711.46,298,0.014
2058-11-28,Scale,77525.01,485,0.043
2058-11-28,Enterprise,260961.43,882,0.063
2058-12-28,Starter,7207.75,68,0.032
2058-12-28,Growth,26214.63,120,0.071
2058-12-28,Scale,132694.63,341,0.011
2058-12-28,Enterprise,206410.11,3241,0.029
2059-01-27,Starter,17096.02,52,0.025
2059-01-27,Growth,42845.21,186,0.062
2059-01-27,Scale,137666.11,916,0.021
2059-01-27,Enterprise,506195.39,3978,0.066
2059-02-26,Starter,15020.68,47,0.053
2059-02-26,Growth,65235.2,177,0.044
2059-02-26,Scale,142835.3,379,0.079
2059-02-26,Enterprise,342492.51,1347,0.065
2059-03-28,Starter,7006.46,22,0.021
2059-03-28,Growth,41212.25,136,0.027
2059-03-28,Scale,116858.12,2110,0.024
2059-03-28,Enterprise,546279.83,11947,0.013
2059-04-27,Starter,17927.47,298,0.031
2059-04-27,Growth,50911.99,791,0.069
2059-04-27,Scale,114908.58,1243,0.045
2059-04-27,Enterprise,344043.04,1126,0.033
2059-05-27,Starter,8306.28,21,0.06
2059-05-27,Growth,40304.27,148,0.019
2059-05-27,Scale,168489.76,659,0.061
2059-05-27,Enterprise,631659.52,2074,0.041
2059-06-26,Starter,9737.02,27,0.076
2059-06-26,Growth,36609.15,330,0.077
2059-06-26,Scale,180098.25,978,0.011
2059-06-26,Enterprise,385711.65,3315,0.064
2059-07-26,Starter,12843.81,121,0.079
2059-07-26,Growth,44457.6,197,0.049
2059-07-26,Scale,100061.02,489,0.027
2059-07-26,Enterprise,662182.9,2956,0.072
2059-08-25,Starter,8172.8,21,0.026
2059-08-25,Growth,44144.0,165,0.069
2059-08-25,Scale,97777.92,930,0.026
2059-08-25,Enterprise,381988.74,1109,0.021
2059-09-24,Starter,15203.59,40,0.012
2059-09-24,Growth,58922.29,337,0.06
2059-09-24,Scale,141826.48,2372,0.026
2059-09-24,Enterprise,229231.99,620,0.038
2059-10-24,Starter,6547.8,19,0.033
2059-10-24,Growth,74993.96,348,0.016
2059-10-24,Scale,227865.87,1453,0.07
2059-10-24,Enterprise,235074.12,934,0.078
2059-11-23,Starter,13561.01,46,0.029
2059-11-23,Growth,32338.41,118,0.058
2059-11-23,Scale,114373.9,702,0.031
2059-11-23,Enterprise,249799.04,948,0.036
2059-12-23,Starter,9978.09,139,0.032
2059-12-23,Growth,55477.4,166,0.076
2059-12-23,Scale,197739.63,2945,0.016
2059-12-23,Enterprise,349764.04,892,0.078
2060-01-22,Starter,9625.42,201,0.06
2060-01-22,Growth,37042.66,128,0.053
2060-01-22,Scale,106853.51,339,0.015
2060-01-22,Enterprise,621090.48,2966,0.033
2060-02-21,Starter,11751.36,37,0.035
2060-02-21,Growth,84086.79,232,0.037
2060-02-21,Scale,203344.66,1983,0.046
2060-02-21,Enterprise,585343.07,1489,0.039
2060-03-22,Starter,5111.4,15,0.018
2060-03-22,Growth,49334.61,143,0.015
2060-03-22,Scale,181073.3,776,0.036
2060-03-22,Enterprise,761894.92,3892,0.032
2060-04-21,Starter,5006.9,15,0.042
2060-04-21,Growth,83810.18,549,0.03
2060-04-21,Scale,72067.62,278,0.056
2060-04-21,Enterprise,500463.07,2960,0.056
2060-05-21,Starter,13198.95,64,0.015
2060-05-21,Growth,35169.06,298,0.078
2060-05-21,Scale,66720.58,177,0.013
2060-05-21,Enterprise,657342.49,12250,0.013
2060-06-20,Starter,17713.62,56,0.039
2060-06-20,Growth,29116.79,501,0.025
2060-06-20,Scale,89151.95,262,0.047
2060-06-20,Enterprise,535797.98,2293,0.024
2060-07-20,Starter,8844.58,22,0.037
2060-07-20,Growth,30385.26,80,0.049
2060-07-20,Scale,83072.63,214,0.043
2060-07-20,Enterprise,524128.46,3141,0.047
2060-08-19,Starter,14538.29,38,0.075
2060-08-19,Growth,25931.19,156,0.012
2060-08-19,Scale,168921.43,1054,0.038
2060-08-19,Enterprise,537765.2,1717,0.037
2060-09-18,Starter,7402.54,141,0.044
2060-09-18,Growth,33230.02,154,0.068
2060-09-18,Scale,193165.71,490,0.018
2060-09-18,Enterprise,605447.19,1723,0.041
2060-10-18,Starter,13854.65,67,0.035
2060-10-18,Growth,41634.67,200,0.026
2060-10-18,Scale,193649.23,602,0.077
2060-10-18,Enterprise,340483.77,1075,0.052
2060-11-17,Starter,18409.85,80,0.052
2060-11-17,Growth,64561.4,263,0.017
2060-11-17,Scale,109274.04,278,0.053
2060-11-17,Enterprise,330693.22,1604,0.016
2060-12-17,Starter,10443.21,77,0.012
2060-12-17,Growth,51860.8,225,0.061
2060-12-17,Scale,144654.89,2238,0.049
2060-12-17,Enterprise,665572.6,1840,0.016
2061-01-16,Starter,9282.35,47,0.035
2061-01-16,Growth,63425.39,369,0.038
2061-01-16,Scale,244332.03,1884,0.063
2061-01-16,Enterprise,511562.79,1383,0.056
2061-02-15,Starter,7950.99,21,0.011
2061-02-15,Growth,25334.95,152,0.068
2061-02-15,Scale,126446.18,793,0.065
2061-02-15,Enterprise,354174.52,1693,0.043
2061-03-17,Starter,16315.57,349,0.024
2061-03-17,Growth,48432.57,168,0.044
2061-03-17,Scale,171518.09,1751,0.039
2061-03-17,Enterprise,433770.22,1829,0.057
2061-04-16,Starter,5166.41,66,0.028
2061-04-16,Growth,27110.58,70,0.077
2061-04-16,Scale,116716.37,749,0.056
2061-04-16,Enterprise,812400.32,5546,0.079
2061-05-16,Starter,12265.6,39,0.013
2061-05-16,Growth,61005.4,164,0.069
2061-05-16,Scale,167852.32,768,0.054
2061-05-16,Enterprise,354260.98,1584,0.019
2061-06-15,Starter,10426.5,57,0.011
2061-06-15,Growth,76865.92,241,0.027
2061-06-15,Scale,104274.57,370,0.012
2061-06-15,Enterprise,563197.97,3890,0.032
2061-07-15,Starter,13867.5,52,0.026
2061-07-15,Growth,24587.11,85,0.06
2061-07-15,Scale,83618.5,210,0.05
2061-07-15,Enterprise,602979.01,3939,0.029
2061-08-14,Starter,15908.54,167,0.053
2061-08-14,Growth,70105.51,414,0.047
2061-08-14,Scale,211359.76,2191,0.034
2061-08-14,Enterprise,487579.38,3089,0.038
2061-09-13,Starter,5091.4,59,0.013
2061-09-13,Growth,38622.64,100,0.013
2061-09-13,Scale,134903.19,646,0.07
2061-09-13,Enterprise,807990.78,10527,0.035
2061-10-13,Starter,14593.19,64,0.062
2061-10-13,Growth,79378.57,1033,0.046
2061-10-13,Scale,180865.53,568,0.045
2061-10-13,Enterprise,768446.43,4765,0.039
2061-11-12,Starter,11312.94,38,0.066
2061-11-12,Growth,81150.45,685,0.019
2061-11-12,Scale,162339.09,1113,0.029
2061-11-12,Enterprise,602447.42,11560,0.049
2061-12-12,Starter,16695.41,87,0.033
2061-12-12,Growth,55770.47,214,0.068
2061-12-12,Scale,215311.86,618,0.03
2061-12-12,Enterprise,399698.97,8817,0.021
2062-01-11,Starter,19317.24,66,0.02
2062-01-11,Growth,60173.73,176,0.023
2062-01-11,Scale,77882.57,220,0.026
2062-01-11,Enterprise,261238.47,1517,0.026
2062-02-10,Starter,6152.81,18,0.018
2062-02-10,Growth,60043.79,206,0.037
2062-02-10,Scale,135949.9,540,0.019
2062-02-10,Enterprise,376974.47,4501,0.063
2062-03-12,Starter,14892.03,79,0.037
2062-03-12,Growth,25405.2,124,0.065
2062-03-12,Scale,82290.32,373,0.068
2062-03-12,Enterprise,291474.64,3800,0.051
2062-04-11,Starter,16831.25,197,0.032
2062-04-11,Growth,88712.85,230,0.057
2062-04-11,Scale,91914.53,615,0.044
2062-04-11,Enterprise,562280.08,2001,0.025
2062-05-11,Starter,6035.51,107,0.028
2062-05-11,Growth,43097.76,387,0.015
2062-05-11,Scale,84686.82,222,0.08
2062-05-11,Enterprise,564749.26,7307,0.011
2062-06-10,Starter,19607.42,52,0.059
2062-06-10,Growth,39779.24,259,0.018
2062-06-10,Scale,229931.7,819,0.032
2062-06-10,Enterprise,496209.35,2246,0.039
2062-07-10,Starter,13579.19,97,0.013
2062-07-10,Growth,92794.39,518,0.017
2062-07-10,Scale,190134.74,859,0.047
2062-07-10,Enterprise,259390.48,2331,0.028
2062-08-09,Starter,17081.19,54,0.037
2062-08-09,Growth,45682.79,537,0.064
2062-08-09,Scale,152140.06,547,0.043
2062-08-09,Enterprise,384622.63,6445,0.061
2062-09-08,Starter,5544.35,47,0.08
2062-09-08,Growth,55120.21,414,0.054
2062-09-08,Scale,181958.83,467,0.041
2062-09-08,Enterprise,595511.99,4854,0.053
2062-10-08,Starter,15674.83,86,0.078
2062-10-08,Growth,66686.18,925,0.067
2062-10-08,Scale,142630.8,962,0.01
2062-10-08,Enterprise,459241.15,3805,0.04
2062-11-07,Starter,17211.66,103,0.076
2062-11-07,Growth,72933.99,303,0.034
2062-11-07,Scale,242086.32,1324,0.016
2062-11-07,Enterprise,743983.78,10745,0.08
2062-12-07,Starter,14162.83,52,0.031
2062-12-07,Growth,78931.03,791,0.026
2062-12-07,Scale,73155.25,194,0.011
2062-12-07,Enterprise,395204.23,2732,0.046
2063-01-06,Starter,12115.79,81,0.049
2063-01-06,Growth,78257.21,290,0.067
2063-01-06,Scale,179105.73,802,0.046
2063-01-06,Enterprise,513714.93,1413,0.027
2063-02-05,Starter,17301.01,352,0.014
2063-02-05,Growth,86609.37,264,0.01
2063-02-05,Scale,79999.23,371,0.077
2063-02-05,Enterprise,764356.03,2775,0.032
2063-03-07,Starter,18827.94,74,0.067
2063-03-07,Growth,81442.22,216,0.041
2063-03-07,Scale,86180.8,229,0.015
2063-03-07,Enterprise,286898.95,978,0.04
2063-04-06,Starter,5986.03,112,0.053
2063-04-06,Growth,36236.76,493,0.03
2063-04-06,Scale,83041.17,213,0.035
2063-04-06,Enterprise,759515.63,3950,0.03
2063-05-06,Starter,8717.0,31,0.046
2063-05-06,Growth,71043.5,234,0.079
2063-05-06,Scale,245041.79,1403,0.021
2063-05-06,Enterprise,581587.11,7342,0.064
2063-06-05,Starter,5620.89,48,0.026
2063-06-05,Growth,41562.75,1027,0.076
2063-06-05,Scale,77403.52,295,0.066
2063-06-05,Enterprise,592974.73,3321,0.038
2063-07-05,Starter,10501.47,35,0.06
2063-07-05,Growth,92085.91,353,0.055
2063-07-05,Scale,155167.83,2005,0.042
2063-07-05,Enterprise,835898.97,2368,0.063
2063-08-04,Starter,15782.15,164,0.045
2063-08-04,Growth,75292.86,794,0.074
2063-08-04,Scale,220733.25,664,0.068
2063-08-04,Enterprise,763366.95,4352,0.033
2063-09-03,Starter,15307.65,44,0.021
2063-09-03,Growth,58507.01,176,0.049
2063-09-03,Scale,196089.09,1464,0.015
2063-09-03,Enterprise,816000.3,6429,0.05
2063-10-03,Starter,17316.06,47,0.044
2063-10-03,Growth,67854.15,341,0.012
2063-10-03,Scale,68302.29,399,0.055
2063-10-03,Enterprise,529419.22,4323,0.032
2063-11-02,Starter,14546.46,176,0.06
2063-11-02,Growth,52273.89,322,0.038
2063-11-02,Scale,225683.5,937,0.023
2063-11-02,Enterprise,787949.41,2541,0.038
2063-12-02,Starter,11407.46,34,0.047
2063-12-02,Growth,67189.3,1473,0.076
2063-12-02,Scale,197008.73,740,0.033
2063-12-02,Enterprise,536819.14,1556,0.026
2064-01-01,Starter,16287.47,125,0.019
2064-01-01,Growth,74452.04,189,0.061
2064-01-01,Scale,260692.91,1423,0.062
2064-01-01,Enterprise,848021.61,4977,0.019
2064-01-31,Starter,18108.42,66,0.033
2064-01-31,Growth,69253.95,675,0.079
2064-01-31,Scale,69012.22,246,0.065
2064-01-31,Enterprise,740252.59,9254,0.064
2064-03-01,Starter,6154.09,18,0.04
2064-03-01,Growth,54589.44,158,0.042
2064-03-01,Scale,178319.35,551,0.078
2064-03-01,Enterprise,709636.69,2671,0.016
2064-03-31,Starter,19935.57,57,0.01
2064-03-31,Growth,73226.37,304,0.02
2064-03-31,Scale,218486.81,945,0.031
2064-03-31,Enterprise,857335.35,2524,0.054
2064-04-30,Starter,17137.91,59,0.072
2064-04-30,Growth,75987.22,314,0.038
2064-04-30,Scale,93233.0,329,0.025
2064-04-30,Enterprise,264650.78,946,0.047
2064-05-30,Starter,12980.76,36,0.079
2064-05-30,Growth,93476.87,729,0.079
2064-05-30,Scale,237609.18,628,0.078
2064-05-30,Enterprise,699135.0,10710,0.02
2064-06-29,Starter,20677.44,65,0.047
2064-06-29,Growth,34777.47,385,0.039
2064-06-29,Scale,217148.93,946,0.079
2064-06-29,Enterprise,764282.68,9124,0.037
2064-07-29,Starter,15275.09,57,0.06
2064-07-29,Growth,85109.83,886,0.039
2064-07-29,Scale,220334.68,763,0.041
2064-07-29,Enterprise,382574.22,1719,0.032
2064-08-28,Starter,15110.85,59,0.039
2064-08-28,Growth,58639.55,423,0.069
2064-08-28,Scale,97781.04,304,0.057
2064-08-28,Enterprise,695514.77,2285,0.056
2064-09-27,Starter,20636.63,228,0.073
2064-09-27,Growth,35909.38,99,0.066
2064-09-27,Scale,229258.84,622,0.022
2064-09-27,Enterprise,812317.69,6419,0.051
2064-10-27,Starter,14844.79,56,0.032
2064-10-27,Growth,87910.28,233,0.032
2064-10-27,Scale,250093.04,1321,0.028
2064-10-27,Enterprise,426012.25,1874,0.063
2064-11-26,Starter,9277.28,24,0.054
2064-11-26,Growth,81246.26,268,0.04
2064-11-26,Scale,91413.39,234,0.018
2064-11-26,Enterprise,431976.08,1108,0.025
2064-12-26,Starter,12088.43,247,0.06
2064-12-26,Growth,26956.75,111,0.044
2064-12-26,Scale,237779.9,1541,0.034
2064-12-26,Enterprise,675473.97,2101,0.014
2065-01-25,Starter,15484.86,86,0.072
2065-01-25,Growth,82529.91,357,0.075
2065-01-25,Scale,79491.26,213,0.05
2065-01-25,Enterprise,685583.47,15004,0.061
2065-02-24,Starter,20472.91,53,0.043
2065-02-24,Growth,33801.98,324,0.061
2065-02-24,Scale,149138.17,495,0.025
2065-02-24,Enterprise,355157.15,1591,0.015
2065-03-26,Starter,18009.96,174,0.032
2065-03-26,Growth,73832.63,292,0.077
2065-03-26,Scale,163874.0,1344,0.042
2065-03-26,Enterprise,840971.25,3423,0.052
2065-04-25,Starter,11115.22,51,0.051
2065-04-25,Growth,81790.37,1272,0.077
2065-04-25,Scale,234575.37,1780,0.042
2065-04-25,Enterprise,685518.04,10315,0.044
2065-05-25,Starter,8874.29,49,0.075
2065-05-25,Growth,26245.9,88,0.04
2065-05-25,Scale,264469.47,1457,0.056
2065-05-25,Enterprise,807902.41,10429,0.021
2065-06-24,Starter,20526.5,141,0.07
2065-06-24,Growth,40649.43,796,0.011
2065-06-24,Scale,78307.4,427,0.027
2065-06-24,Enterprise,729013.47,3270,0.02
2065-07-24,Starter,20819.31,78,0.08
2065-07-24,Growth,67003.23,299,0.026
2065-07-24,Scale,254844.46,725,0.066
2065-07-24,Enterprise,256738.47,1223,0.06
2065-08-23,Starter,13843.74,197,0.055
2065-08-23,Growth,42600.47,220,0.035
2065-08-23,Scale,257476.67,1090,0.02
2065-08-23,Enterprise,232459.99,2637,0.014
2065-09-22,Starter,12659.92,263,0.031
2065-09-22,Growth,66217.24,504,0.057
2065-09-22,Scale,159243.44,534,0.044
2065-09-22,Enterprise,702763.11,2235,0.025
2065-10-22,Starter,11823.21,185,0.054
2065-10-22,Growth,80248.34,479,0.016
2065-10-22,Scale,215366.34,4622,0.035
2065-10-22,Enterprise,286094.84,1272,0.053
2065-11-21,Starter,16552.93,52,0.06
2065-11-21,Growth,35277.73,99,0.025
2065-11-21,Scale,79932.67,691,0.011
2065-11-21,Enterprise,538253.77,6226,0.033
2065-12-21,Starter,7970.47,28,0.026
2065-12-21,Growth,78648.74,724,0.029
2065-12-21,Scale,99542.26,297,0.029
2065-12-21,Enterprise,908931.51,5712,0.024
2066-01-20,Starter,7358.33,37,0.05
2066-01-20,Growth,89634.8,370,0.071
2066-01-20,Scale,93431.54,492,0.038
2066-01-20,Enterprise,316977.16,925,0.065
2066-02-19,Starter,15410.11,45,0.043
2066-02-19,Growth,76728.46,1770,0.024
2066-02-19,Scale,70791.3,405,0.074
2066-02-19,Enterprise,276795.97,5915,0.017
2066-03-21,Starter,11856.09,47,0.01
2066-03-21,Growth,77603.73,540,0.065
2066-03-21,Scale,139148.48,2789,0.033
2066-03-21,Enterprise,681698.27,3151,0.031
2066-04-20,Starter,14945.78,79,0.059
2066-04-20,Growth,64872.91,258,0.031
2066-04-20,Scale,95395.38,2261,0.067
2066-04-20,Enterprise,681792.2,1761,0.039
2066-05-20,Starter,14859.91,50,0.017
2066-05-20,Growth,80397.27,729,0.033
2066-05-20,Scale,104574.8,656,0.021
2066-05-20,Enterprise,401904.45,4078,0.056
2066-06-19,Starter,21506.57,57,0.033
2066-06-19,Growth,89559.61,817,0.042
2066-06-19,Scale,163567.33,1094,0.034
2066-06-19,Enterprise,420811.43,6942,0.059
2066-07-19,Starter,17197.79,78,0.038
2066-07-19,Growth,97412.89,315,0.057
2066-07-19,Scale,195294.32,3437,0.017
2066-07-19,Enterprise,314627.16,1983,0.021
2066-08-18,Starter,10878.11,48,0.04
2066-08-18,Growth,39851.05,198,0.048
2066-08-18,Scale,183635.13,994,0.025
2066-08-18,Enterprise,913875.58,6551,0.051
2066-09-17,Starter,21458.28,455,0.074
2066-09-17,Growth,53462.42,146,0.072
2066-09-17,Scale,177519.5,602,0.052
2066-09-17,Enterprise,317024.08,1345,0.015
2066-10-17,Starter,20176.31,58,0.068
2066-10-17,Growth,36133.76,139,0.073
2066-10-17,Scale,148580.53,507,0.077
2066-10-17,Enterprise,768266.15,2764,0.036
2066-11-16,Starter,20056.03,356,0.062
2066-11-16,Growth,53182.28,285,0.032
2066-11-16,Scale,175726.4,679,0.07
2066-11-16,Enterprise,310628.3,2881,0.041
2066-12-16,Starter,15366.73,64,0.011
2066-12-16,Growth,49649.31,311,0.039
2066-12-16,Scale,101704.63,286,0.033
2066-12-16,Enterprise,840499.65,10849,0.08
2067-01-15,Starter,5625.28,22,0.072
2067-01-15,Growth,53679.65,232,0.043
2067-01-15,Scale,271827.8,830,0.018
2067-01-15,Enterprise,480087.6,1282,0.022
2067-02-14,Starter,7548.07,66,0.037
2067-02-14,Growth,66511.26,208,0.014
2067-02-14,Scale,265313.27,2401,0.042
2067-02-14,Enterprise,712839.78,10912,0.057
2067-03-16,Starter,16165.58,44,0.051
2067-03-16,Growth,82081.21,1929,0.079
2067-03-16,Scale,176967.2,980,0.017
2067-03-16,Enterprise,319613.32,2483,0.069
2067-04-15,Starter,15674.65,58,0.05
2067-04-15,Growth,92980.58,366,0.043
2067-04-15,Scale,206460.48,551,0.059
2067-04-15,Enterprise,893639.78,2425,0.07
2067-05-15,Starter,9316.47,40,0.044
2067-05-15,Growth,68366.5,301,0.035
2067-05-15,Scale,248341.57,1104,0.061
2067-05-15,Enterprise,915062.55,3782,0.053
2067-06-14,Starter,12269.14,44,0.048
2067-06-14,Growth,86061.38,269,0.078
2067-06-14,Scale,171857.45,590,0.014
2067-06-14,Enterprise,878823.83,3592,0.055
2067-07-14,Starter,13521.06,61,0.03
2067-07-14,Growth,71834.19,276,0.065
2067-07-14,Scale,227750.31,676,0.065
2067-07-14,Enterprise,459774.96,1606,0.055
2067-08-13,Starter,9904.97,30,0.029
2067-08-13,Growth,92850.37,1671,0.038
2067-08-13,Scale,266122.32,2626,0.04
2067-08-13,Enterprise,512103.26,1612,0.034
2067-09-12,Starter,16650.95,113,0.042
2067-09-12,Growth,54279.55,222,0.058
2067-09-12,Scale,79316.44,241,0.028
2067-09-12,Enterprise,481354.86,1751,0.046
2067-10-12,Starter,21158.48,93,0.077
2067-10-12,Growth,76482.3,218,0.062
2067-10-12,Scale,171922.15,665,0.065
2067-10-12,Enterprise,925417.38,5411,0.07
2067-11-11,Starter,13282.84,42,0.075
2067-11-11,Growth,65632.03,345,0.079
2067-11-11,Scale,191589.37,1087,0.047
2067-11-11,Enterprise,948297.34,8001,0.031
2067-12-11,Starter,6371.29,18,0.059
2067-12-11,Growth,31136.19,156,0.057
2067-12-11,Scale,246666.77,720,0.043
2067-12-11,Enterprise,517331.21,1449,0.058
2068-01-10,Starter,20242.23,131,0.012
2068-01-10,Growth,76068.73,350,0.047
2068-01-10,Scale,156826.45,1626,0.023
2068-01-10,Enterprise,751743.18,3411,0.03
2068-02-09,Starter,9730.07,90,0.051
2068-02-09,Growth,74434.32,857,0.049
2068-02-09,Scale,220689.67,3972,0.023
2068-02-09,Enterprise,304195.1,760,0.02
2068-03-10,Starter,19661.61,59,0.032
2068-03-10,Growth,39340.78,313,0.059
2068-03-10,Scale,227319.46,686,0.03
2068-03-10,Enterprise,564783.84,4199,0.058
2068-04-09,Starter,8949.32,23,0.027
2068-04-09,Growth,65033.96,971,0.04
2068-04-09,Scale,206338.06,574,0.051
2068-04-09,Enterprise,752056.6,4914,0.034
2068-05-09,Starter,13439.75,33,0.074
2068-05-09,Growth,38691.47,706,0.018
2068-05-09,Scale,128258.41,1165,0.078
2068-05-09,Enterprise,433859.8,1153,0.035
2068-06-08,Starter,10439.99,49,0.037
2068-06-08,Growth,87837.4,1114,0.049
2068-06-08,Scale,275608.92,1081,0.077
2068-06-08,Enterprise,349692.64,1232,0.063
2068-07-08,Starter,6021.62,31,0.012
2068-07-08,Growth,85519.84,1107,0.021
2068-07-08,Scale,263472.92,719,0.048
2068-07-08,Enterprise,414699.51,1402,0.012
2068-08-07,Starter,12392.81,87,0.049
2068-08-07,Growth,55158.96,195,0.076
2068-08-07,Scale,155025.11,990,0.076
2068-08-07,Enterprise,663666.85,11368,0.078
2068-09-06,Starter,9433.05,59,0.01
2068-09-06,Growth,66905.57,211,0.052
2068-09-06,Scale,221237.08,594,0.025
2068-09-06,Enterprise,712234.03,3301,0.07
2068-10-06,Starter,9095.77,30,0.014
2068-10-06,Growth,81437.95,433,0.012
2068-10-06,Scale,113209.07,368,0.027
2068-10-06,Enterprise,655049.89,2187,0.079
2068-11-05,Starter,20177.68,52,0.04
2068-11-05,Growth,101705.91,2198,0.076
2068-11-05,Scale,114674.36,1839,0.041
2068-11-05,Enterprise,934550.43,3295,0.038
2068-12-05,Starter,13713.05,53,0.04
2068-12-05,Growth,102641.95,497,0.074
2068-12-05,Scale,89185.96,548,0.018
2068-12-05,Enterprise,273994.89,2390,0.069
2069-01-04,Starter,10196.72,39,0.042
2069-01-04,Growth,75479.73,208,0.074
2069-01-04,Scale,158864.32,525,0.049
2069-01-04,Enterprise,387370.68,3085,0.058
2069-02-03,Starter,9839.45,32,0.07
2069-02-03,Growth,33114.46,130,0.05
2069-02-03,Scale,158145.91,578,0.02
2069-02-03,Enterprise,248404.87,1539,0.012
2069-03-05,Starter,7323.31,71,0.039
2069-03-05,Growth,97307.37,267,0.019
2069-03-05,Scale,106919.69,862,0.042
2069-03-05,Enterprise,794599.19,7534,0.065
2069-04-04,Starter,11335.96,43,0.033
2069-04-04,Growth,86902.18,373,0.041
2069-04-04,Scale,111794.27,471,0.02
2069-04-04,Enterprise,540680.08,5735,0.059
2069-05-04,Starter,14884.6,51,0.062
2069-05-04,Growth,105281.08,267,0.022
2069-05-04,Scale,291836.61,1219,0.073
2069-05-04,Enterprise,437677.1,1492,0.036
2069-06-03,Starter,15973.17,178,0.072
2069-06-03,Growth,67345.54,1505,0.05
2069-06-03,Scale,257272.89,765,0.055
2069-06-03,Enterprise,899869.84,2353,0.041
2069-07-03,Starter,18010.51,135,0.067
2069-07-03,Growth,55372.02,325,0.025
2069-07-03,Scale,197876.79,681,0.043
2069-07-03,Enterprise,651895.77,2796,0.011
2069-08-02,Starter,5958.0,20,0.052
2069-08-02,Growth,61496.21,289,0.042
2069-08-02,Scale,269119.75,676,0.016
2069-08-02,Enterprise,916838.56,4074,0.052
2069-09-01,Starter,22603.53,237,0.031
2069-09-01,Growth,60153.71,969,0.052
2069-09-01,Scale,190165.84,480,0.073
2069-09-01,Enterprise,757315.63,11538,0.055
2069-10-01,Starter,12539.15,151,0.012
2069-10-01,Growth,55563.88,158,0.015
2069-10-01,Scale,191226.21,992,0.033
2069-10-01,Enterprise,789440.68,4308,0.046
2069-10-31,Starter,19893.93,298,0.069
2069-10-31,Growth,80236.27,455,0.08
2069-10-31,Scale,293395.56,1183,0.036
2069-10-31,Enterprise,297614.15,1431,0.047
2069-11-30,Starter,21735.81,60,0.063
2069-11-30,Growth,109580.54,1244,0.058
2069-11-30,Scale,129384.44,742,0.058
2069-11-30,Enterprise,312281.05,1700,0.011
2069-12-30,Starter,16114.77,227,0.053
2069-12-30,Growth,83772.8,348,0.047
2069-12-30,Scale,76522.8,261,0.043
2069-12-30,Enterprise,766305.26,2390,0.058
2070-01-29,Starter,14535.56,39,0.036
2070-01-29,Growth,31011.99,148,0.017
2070-01-29,Scale,290313.48,1384,0.03
2070-01-29,Enterprise,463813.07,3833,0.078
2070-02-28,Starter,16207.7,53,0.052
2070-02-28,Growth,65229.11,689,0.074
2070-02-28,Scale,169390.67,602,0.033
2070-02-28,Enterprise,301919.1,5740,0.068
2070-03-30,Starter,22374.14,382,0.043
2070-03-30,Growth,95316.25,435,0.062
2070-03-30,Scale,82607.47,797,0.036
2070-03-30,Enterprise,363208.15,1299,0.05
2070-04-29,Starter,8880.25,28,0.054
2070-04-29,Growth,86199.64,328,0.012
2070-04-29,Scale,79073.95,279,0.053
2070-04-29,Enterprise,916698.24,5354,0.054
2070-05-29,Starter,16717.71,122,0.042
2070-05-29,Growth,85472.06,306,0.076
2070-05-29,Scale,222019.84,629,0.04
2070-05-29,Enterprise,699815.03,2261,0.042
2070-06-28,Starter,11507.3,33,0.022
2070-06-28,Growth,40564.45,145,0.058
2070-06-28,Scale,250538.54,1885,0.055
2070-06-28,Enterprise,295353.36,4218,0.03
2070-07-28,Starter,12240.28,40,0.041
2070-07-28,Growth,31293.73,96,0.058
2070-07-28,Scale,160321.15,440,0.08
2070-07-28,Enterprise,433206.24,1147,0.079
2070-08-27,Starter,19741.43,55,0.065
2070-08-27,Growth,94537.3,518,0.05
2070-08-27,Scale,255913.52,988,0.037
2070-08-27,Enterprise,340875.96,1202,0.036
2070-09-26,Starter,22461.03,65,0.032
2070-09-26,Growth,69618.76,969,0.066
2070-09-26,Scale,145911.68,527,0.066
2070-09-26,Enterprise,648470.68,2479,0.037
2070-10-26,Starter,15171.61,109,0.051
2070-10-26,Growth,31060.93,509,0.077
2070-10-26,Scale,259893.41,1174,0.022
2070-10-26,Enterprise,811402.77,2871,0.041
2070-11-25,Starter,10815.01,217,0.053
2070-11-25,Growth,75005.51,650,0.028
2070-11-25,Scale,252949.17,1639,0.078
2070-11-25,Enterprise,814404.62,10264,0.073
2070-12-25,Starter,7679.15,19,0.074
2070-12-25,Growth,71786.09,218,0.07
2070-12-25,Scale,298798.06,2296,0.057
2070-12-25,Enterprise,937813.2,3614,0.057
2071-01-24,Starter,19177.11,75,0.067
2071-01-24,Growth,34699.07,205,0.05
2071-01-24,Scale,104559.92,373,0.014
2071-01-24,Enterprise,758017.95,2523,0.024
2071-02-23,Starter,11038.24,29,0.047
2071-02-23,Growth,102356.82,1883,0.021
2071-02-23,Scale,229217.06,1202,0.021
2071-02-23,Enterprise,726539.13,1905,0.056
2071-03-25,Starter,8506.71,52,0.033
2071-03-25,Growth,74555.5,752,0.05
2071-03-25,Scale,278915.25,746,0.074
2071-03-25,Enterprise,675629.54,8807,0.053
2071-04-24,Starter,23654.39,68,0.066
2071-04-24,Growth,68228.51,238,0.053
2071-04-24,Scale,202894.74,1010,0.037
2071-04-24,Enterprise,482634.13,1929,0.075
2071-05-24,Starter,23512.59,110,0.048
2071-05-24,Growth,49814.32,236,0.066
2071-05-24,Scale,119713.86,890,0.015
2071-05-24,Enterprise,397819.99,2471,0.013
2071-06-23,Starter,11043.81,33,0.054
2071-06-23,Growth,104695.24,543,0.07
2071-06-23,Scale,273141.9,1038,0.045
2071-06-23,Enterprise,756592.98,3712,0.08
2071-07-23,Starter,15681.41,41,0.033
2071-07-23,Growth,52245.86,232,0.072
2071-07-23,Scale,254849.59,656,0.026
2071-07-23,Enterprise,261309.27,705,0.075
2071-08-22,Starter,8608.24,22,0.079
2071-08-22,Growth,112432.06,592,0.072
2071-08-22,Scale,78961.3,499,0.052
2071-08-22,Enterprise,398790.99,1961,0.056
2071-09-21,Starter,7300.34,25,0.025
2071-09-21,Growth,60789.93,468,0.052
2071-09-21,Scale,104244.55,304,0.069
2071-09-21,Enterprise,666770.51,2060,0.043
2071-10-21,Starter,10581.94,35,0.057
2071-10-21,Growth,63475.05,170,0.015
2071-10-21,Scale,162794.91,679,0.038
2071-10-21,Enterprise,805066.58,2752,0.027
2071-11-20,Starter,22606.33,58,0.067
2071-11-20,Growth,31104.73,163,0.053
2071-11-20,Scale,200205.54,568,0.078
2071-11-20,Enterprise,338736.87,6434,0.059
2071-12-20,Starter,14425.2,38,0.027
2071-12-20,Growth,33265.71,97,0.077
2071-12-20,Scale,120091.88,334,0.056
2071-12-20,Enterprise,842814.04,3881,0.048
2072-01-19,Starter,17880.09,181,0.031
2072-01-19,Growth,103775.26,622,0.023
2072-01-19,Scale,93521.32,283,0.019
2072-01-19,Enterprise,319819.22,1356,0.011
2072-02-18,Starter,16225.49,151,0.073
2072-02-18,Growth,75293.04,230,0.073
2072-02-18,Scale,177056.17,1143,0.072
2072-02-18,Enterprise,530904.18,1515,0.033
2072-03-19,Starter,13603.97,110,0.04
2072-03-19,Growth,90002.77,613,0.047
2072-03-19,Scale,85791.15,322,0.049
2072-03-19,Enterprise,668788.47,4131,0.015
2072-04-18,Starter,9365.85,33,0.059
2072-04-18,Growth,61847.63,247,0.074
2072-04-18,Scale,153931.11,402,0.029
2072-04-18,Enterprise,722321.16,2429,0.047
2072-05-18,Starter,11955.6,51,0.072
2072-05-18,Growth,114961.3,335,0.079
2072-05-18,Scale,185682.34,3506,0.021
2072-05-18,Enterprise,451817.7,1607,0.069
2072-06-17,Starter,9324.14,35,0.049
2072-06-17,Growth,107439.57,1475,0.061
2072-06-17,Scale,284735.92,2466,0.021
2072-06-17,Enterprise,275359.87,781,0.076
2072-07-17,Starter,15954.58,40,0.019
2072-07-17,Growth,67466.29,190,0.044
2072-07-17,Scale,172046.68,887,0.048
2072-07-17,Enterprise,784034.09,4850,0.043
2072-08-16,Starter,16096.23,52,0.079
2072-08-16,Growth,91927.98,979,0.045
2072-08-16,Scale,297074.46,1473,0.026
2072-08-16,Enterprise,474474.51,1219,0.077
2072-09-15,Starter,6372.49,60,0.048
2072-09-15,Growth,100924.36,743,0.054
2072-09-15,Scale,273807.32,878,0.079
2072-09-15,Enterprise,765426.9,4435,0.027
2072-10-15,Starter,22912.03,223,0.077
2072-10-15,Growth,40417.72,122,0.069
2072-10-15,Scale,199282.15,671,0.013
2072-10-15,Enterprise,464929.83,3985,0.047
2072-11-14,Starter,19481.94,93,0.014
2072-11-14,Growth,40195.47,194,0.062
2072-11-14,Scale,240188.6,2807,0.049
2072-11-14,Enterprise,909694.97,2743,0.075
2072-12-14,Starter,6689.14,22,0.065
2072-12-14,Growth,32890.57,109,0.021
2072-12-14,Scale,162126.27,1121,0.039
2072-12-14,Enterprise,742966.37,2290,0.058
2073-01-13,Starter,24723.15,75,0.072
2073-01-13,Growth,115546.71,422,0.031
2073-01-13,Scale,105145.17,496,0.049
2073-01-13,Enterprise,942792.84,14528,0.065
2073-02-12,Starter,14218.51,44,0.03
2073-02-12,Growth,105745.43,514,0.047
2073-02-12,Scale,282792.91,715,0.034
2073-02-12,Enterprise,749381.08,5100,0.078
2073-03-14,Starter,16006.38,42,0.029
2073-03-14,Growth,88452.93,402,0.026
2073-03-14,Scale,125569.64,1205,0.069
2073-03-14,Enterprise,1034281.27,10479,0.048
